frame,t_sec,danger_raw,danger_smoothed,attacking_team,n_attackers,n_defenders,count_anomaly,ball_dist_to_goal_m,closing_speed_kmh,ball_speed_kmh,hull_area_m2,score_ball_proximity,score_space_control,score_compactness,score_numerical_advantage,score_ball_velocity
39000,0.0,47.60455920470972,50.54359051680814,2,9,9,False,12.610853279779542,0.0,20.64937478253139,569.9777668968745,88.57376895895221,18.73015873015873,18.999258896562484,40.0,50.0
39001,0.04,47.718303290734426,50.576558416788494,2,9,9,False,12.387635043925693,20.089641226846453,20.64937478253139,575.3393917590365,88.77601880508522,17.3015873015873,19.177979725301217,30.0,62.55602576677903
39002,0.08,49.257279065646934,50.44528309169294,2,9,9,False,12.164648233691773,20.068812921052768,20.649374782531233,587.2756837555335,88.97805896496276,16.984126984126984,19.575856125184448,40.0,62.54300807565798
39003,0.12,52.53460094399629,50.3719195272979,2,10,9,False,11.941905813060982,20.046817856771177,20.64937478253139,580.2496924410516,89.17987769239578,30.0,19.34165641470172,40.0,62.52926116048199
39004,0.16,54.10756811737013,50.31454872446098,2,10,8,False,11.719421716841405,20.023568659762,20.64937478253139,591.1204773460122,89.3814623615664,29.841269841269842,19.70401591153374,50.0,62.51473041235125
39005,0.2,52.03923247839132,50.38993302488637,2,10,8,False,11.497210941655508,19.998969766730674,20.649374782531233,600.754992334063,89.58279938458573,27.142857142857142,20.025166411135434,40.0,62.49935610420667
39006,0.24,50.77436581667063,50.4048678668566,2,10,9,False,11.275289647156177,19.972916504939846,20.64937478253139,612.3961507269778,89.78387411978575,27.61904761904762,20.413205024232592,30.0,62.483072815587406
39007,0.28,49.52635581602412,50.472239027208,2,10,9,False,11.209689287097033,5.904032405322894,8.717153561140302,615.0829348988409,89.84331219695484,27.77777777777778,20.502764496628032,30.0,53.69002025332681
39008,0.32,49.78501101213754,51.388826781427234,2,10,9,False,11.144544578293536,5.863023792314799,8.717153561140478,616.4223242984081,89.90233742525434,28.730158730158728,20.547410809946935,30.0,53.66438987019675
39009,0.36,49.7982114989286,51.517863141301056,2,10,9,False,11.079863557833587,5.821291841395375,8.717153561140302,608.3920819606701,89.96094252257404,28.888888888888886,20.27973606535567,30.0,53.63830740087211
39010,0.4,51.143776029140334,51.01870220448567,2,10,8,False,11.015654393687592,5.778824773139508,8.717153561140302,622.4296392133474,90.01912008821596,27.936507936507937,20.747654640444914,40.0,53.611765483212196
39011,0.44,50.569151128529164,49.88104118014061,2,10,8,False,10.951925385084207,5.735610774304654,8.717153561140478,631.8344976931276,90.07686260255372,25.396825396825395,21.061149923104253,40.0,53.58475673394041
39012,0.48,48.41301312892658,48.66688985237949,2,10,9,False,10.888684962751839,5.691638009913174,8.717153561140302,640.8505405064789,90.13416242681397,22.53968253968254,21.361684683549296,30.0,53.557273756195734
39013,0.52,58.717356341365175,47.09603117717068,2,10,8,False,10.09301847068225,71.60998428626304,71.62953942171096,551.0661675598421,90.85508661555103,33.96825396825397,18.368872251994738,40.0,94.75624017891441
39014,0.56,50.805715384132725,45.36041067369109,2,10,8,False,10.213135607281254,-10.810542293910412,13.204863516289162,552.3989048180556,90.74625288921072,33.33333333333333,18.413296827268518,40.0,43.243411066305995
39015,0.6,46.54466970221177,43.46256026954624,2,10,8,False,10.748155898788866,-48.15182623568509,83.97711180923307,572.2817194955496,90.26149065093959,30.476190476190478,19.076057316518323,40.0,19.905108602696817
39016,0.64,40.45563582522942,41.426109892360095,2,9,7,False,14.646282544923395,-350.83139815210757,568.1643865093134,444.4975471846665,86.72954125006792,12.857142857142856,14.81658490615555,60.0,0.0
39017,0.68,37.469416545257886,39.68171311552968,2,9,7,False,19.8295409057755,-466.4932524766894,568.164386509314,452.8448181757831,82.03318119713626,12.380952380952381,15.094827272526102,50.0,0.0
39018,0.72,31.92406171416482,37.98921827297099,2,9,9,False,25.526734136370795,-512.7473907535767,568.1643865093137,555.0822074369316,76.87116363226193,6.349206349206349,18.502740247897723,30.0,0.0
39019,0.76,28.69890977426912,36.60230919105937,2,7,9,False,31.45987892206724,-533.98303071268,568.164386509314,548.4731115686573,71.49535902829774,6.031746031746032,18.282437052288575,20.0,0.0
39020,0.8,27.01080616239932,34.49091453022231,2,7,9,False,37.51719833490157,-545.1587471550898,568.1643865093134,548.0877775397748,66.00704435482159,5.873015873015873,18.26959258465916,20.0,0.0
39021,0.84,25.36080697269477,33.064792384741104,2,7,9,False,43.64702421696799,-551.6843293859779,568.1643865093137,559.2650548883594,60.45303423227182,5.714285714285714,18.642168496278646,20.0,0.0
39022,0.88,30.21101470717543,32.01646449394275,2,7,9,False,43.962775864673326,-28.417648293480013,32.82108096663713,563.4299497613974,60.16694325981895,6.031746031746032,18.78099832537991,20.0,32.23896981657499
39023,0.92,30.259213017824806,31.217103719545005,2,7,9,False,44.27927937008379,-28.48531548694197,32.82108096663799,575.6716880821841,59.88017105671036,6.349206349206349,19.189056269406137,20.0,32.196677820661264
39024,0.96,31.770104145987204,30.850267383560123,2,8,9,False,44.59651872529808,-28.551541969286163,32.82108096663713,580.4649801611686,59.59273212711758,6.666666666666667,19.348832672038952,30.0,32.15528626919615
39025,1.0,33.380620411320514,31.298251252464464,2,8,9,False,44.91447833798482,-28.61636514180617,32.82108096663713,597.2596356093454,59.304640598679434,7.142857142857142,19.908654520311515,40.0,32.11477178637114
39026,1.04,33.69224963835812,31.84893148830432,2,8,9,False,45.233143019320075,-28.679821320173104,32.82108096663799,779.6864078634226,59.01591023343153,11.11111111111111,25.989546928780754,30.0,32.07511167489181
39027,1.08,33.96473501263161,32.554909310292594,2,8,9,False,45.552497972281735,-28.741945766549435,32.82108096663713,805.0906161697894,58.726554438412194,12.063492063492063,26.836353872326313,30.0,32.03628389590661
39028,1.12,30.86330653245644,33.459682135721714,2,8,9,False,46.169208466420145,-55.503944472456865,73.26062119768447,823.2937229001836,58.16777570749452,10.0,27.44312409667279,30.0,15.31003470471446
39029,1.16,33.06738051343931,33.95988737927582,2,8,9,False,46.521028780802155,-31.66382829438092,33.055619372845364,828.2961208267934,57.84900424073671,10.158730158730158,27.609870694226444,30.0,30.210107316011925
39030,1.2,37.29986814101692,34.46512584629121,2,9,10,False,46.44273543601061,7.046401031239213,25.929187220999967,847.8951261913498,57.91994296523991,18.095238095238095,28.263170873044995,20.0,54.40400064452451
39031,1.24,35.30707260434738,34.781534522456965,2,9,10,False,46.56520205975227,-11.021996136749266,11.023000733016765,842.3952639977942,57.80898045488123,17.142857142857142,28.07984213325981,20.0,43.111252414531705
39032,1.28,35.482540026258626,35.13203404646723,2,9,10,False,46.68766874205571,-11.022001407310213,11.023000733016426,884.1466010082222,57.69801789146187,17.142857142857142,29.47155336694074,20.0,43.11124912043112
39033,1.32,36.21808087784425,35.46664432034996,2,9,10,False,46.81013548246133,-11.02200663650521,11.023000733016223,887.1189755429186,57.58705527539827,20.158730158730158,29.57063251809729,20.0,43.11124585218424
39034,1.36,36.213477629824595,35.62962158142354,2,9,10,False,46.93260228051426,-11.022011824763993,11.023000733016426,892.8561833165822,57.47609260710256,20.158730158730158,29.761872777219406,20.0,43.111242609522506
39035,1.4,36.322074622009495,36.155309315547264,2,9,10,False,47.05506913576442,-11.022016972514379,11.023000733016765,929.1699494175919,57.36512988698254,20.0,30.97233164725306,20.0,43.11123939217851
39036,1.44,35.567008259976326,36.55695866990498,2,9,10,False,47.17753604776636,-11.022022080174594,11.023000733016426,832.4335866910787,57.2541671154418,19.047619047619047,27.74778622303596,20.0,43.11123619989088
39037,1.48,37.586614699443714,36.47525353877055,2,9,9,False,47.30000301607927,-11.022027148162223,11.023000733016223,847.7746437249516,57.143204292879766,20.952380952380953,28.25915479083172,30.0,43.11123303239861
39038,1.52,37.70757292495081,36.223946668027274,2,9,9,False,47.4224700402669,-11.02203217688654,11.023000733016426,870.6876475697263,57.03224141969171,21.11111111111111,29.022921585657546,30.0,43.11122988944591
39039,1.56,35.92046214551462,35.981061620317085,2,9,10,False,47.54493711989747,-11.022037166751062,11.023000733016765,875.4789162033758,56.92127849626883,20.0,29.182630540112527,20.0,43.11122677078059
39040,1.6,37.17155934194112,35.67544235436924,2,9,9,False,47.700363221473005,-13.988349141798224,25.218277597422603,897.7027659273408,56.780452613435116,19.841269841269842,29.923425530911363,30.0,41.25728178637611
39041,1.64,37.88717276573185,35.435855178084545,2,9,9,False,47.78419915413505,-7.545233939584293,19.006005874631246,900.7651564241896,56.704491953606166,20.317460317460316,30.025505214139653,30.0,45.284228787759815
39042,1.68,36.31940656740386,35.234061560873876,2,9,10,False,47.8600450400543,-6.826129732732511,7.673501813632832,909.5980149400621,56.63577078170767,19.682539682539684,30.319933831335398,20.0,45.73366891704218
39043,1.72,32.291390155428005,35.10871036986095,2,8,10,False,48.12523581747466,-23.86716996783221,23.95451854053551,929.9945064963522,56.39549115704352,9.841269841269842,30.99981688321174,20.0,35.08301877010487
39044,1.76,32.567919453736444,34.88729744883004,2,8,10,False,48.39043725192535,-23.86812910056193,23.954518540535393,928.3071353046289,56.15520187643555,11.26984126984127,30.94357117682096,20.0,35.082419312148794
39045,1.8,32.55064968646998,34.645639772540015,2,8,10,False,48.65564916914543,-23.869072549807058,23.95451854053551,963.0983220538274,55.9149030977752,10.793650793650794,32.103277401794244,20.0,35.08182965637059
39046,1.84,33.338431514408356,34.56769401499559,2,8,10,False,48.92087139864598,-23.870000655049637,23.954518540535005,1063.6620055205676,55.67459497553623,12.222222222222221,35.45540018401892,20.0,35.08124959059398
39047,1.88,33.90055121548141,34.439200545016156,2,8,10,False,49.1861037736088,-23.870913746653883,23.9545185405359,1127.0300415908796,55.43427766086646,13.492063492063492,37.567668053029315,20.0,35.080678908341326
39048,1.92,34.06279396782125,34.2207226492882,2,8,10,False,49.45134613078827,-23.87181214615204,23.954518540535005,1086.6134312992326,55.19395130167677,15.238095238095239,36.220447709974415,20.0,35.08011740865498
39049,1.96,34.92965964707279,34.305234457683795,2,8,9,False,49.71659831041643,-23.872696166534695,23.95451854053551,1085.5343691798107,54.953616042727035,13.015873015873018,36.18447897266036,30.0,35.079564895915816
39050,2.0,34.8076808094705,34.541513775078556,2,8,9,False,49.981860156110976,-23.873566112509153,23.954518540535393,1083.5120621039314,54.713272025709536,12.857142857142856,36.11706873679771,30.0,35.07902117968178
39051,2.04,34.98511305498154,34.94223103726472,2,8,9,False,50.24713151478625,-23.874422280774397,23.95451854053551,1101.6896907978808,54.47291938932955,13.492063492063492,36.72298969326269,30.0,35.078486074516
39052,2.08,35.629637702187885,35.411053594422434,2,8,9,False,50.512412236566924,-23.875264960260907,23.95451854053551,1102.1749448191367,54.23255826938358,16.349206349206348,36.73916482730456,30.0,35.077959399836935
39053,2.12,35.26543801699642,35.62007956231631,2,8,9,False,50.77770217470445,-23.8760944323775,23.954518540535393,1131.0743159175236,53.99218879883514,14.603174603174605,37.702477197250786,30.0,35.07744097976406
39054,2.16,37.33354826815098,36.008440837068285,2,9,9,False,51.043001185496074,-23.87691097124602,23.95451854053551,1114.6898932646045,53.751811107888,23.49206349206349,37.15632977548682,30.0,35.076930642971234
39055,2.2,35.12674196416511,36.404130439870535,2,8,9,False,51.308309128206325,-23.877714843922604,23.954518540535005,1124.2747886178886,53.51142532405741,14.761904761904763,37.475826287262954,30.0,35.07642822254837
39056,2.24,37.37652659997042,36.64164323178552,2,8,9,False,51.57362586499098,-23.878506310618945,23.9545185405359,1461.6860539044865,53.27103157223896,17.3015873015873,48.72286846348288,30.0,35.07593355586316
39057,2.28,38.176520372362525,37.10967017195774,2,8,9,False,51.83895126082328,-23.879285624906927,23.954518540535005,1493.266373516477,53.03062997477542,20.158730158730158,49.77554578388256,30.0,35.07544648443317
39058,2.32,35.846743129134936,37.990448157226346,2,8,9,False,52.10428518342245,-23.88005303392518,23.95451854053551,1460.7974922329013,52.79022065152156,17.77777777777778,48.693249741096714,20.0,35.07496685379677
39059,2.36,38.56088651250507,38.53681742002322,2,8,9,False,52.36962750318432,-23.880808778568365,23.954518540535393,1511.7161486666591,52.54980371990694,21.904761904761905,50.39053828888864,30.0,35.07449451339477
39060,2.4,38.811069201448184,38.94568717265323,2,8,9,False,52.6349780931141,-23.88155309368031,23.95451854053551,1528.5730602391868,52.30937929499688,22.857142857142858,50.95243534130623,30.0,35.07402931644981
39061,2.44,37.77981315005273,38.29987240247382,2,8,9,False,52.96805237158861,-29.97668506270614,46.66148144006725,1534.0778360670329,52.00759292295318,21.26984126984127,51.1359278689011,30.0,31.264571835808663
39062,2.48,40.424004091537036,38.706664275152995,2,8,9,False,52.98163281834484,-1.2222402080606543,45.46995147795472,1508.6354521112607,51.995288178870084,21.58730158730159,50.28784840370869,30.0,49.23609986996209
39063,2.52,45.55444887820483,38.96427442370172,2,9,9,False,52.49782052005873,43.543106845749975,53.456060540469664,1565.8976756420097,52.433652735024374,23.65079365079365,52.19658918806699,30.0,77.21444177859374
39064,2.56,42.18606885575036,38.86367018591033,2,9,9,False,52.43450643525129,5.698267632669385,5.720825165424329,1574.5608885594265,52.491019302148125,24.126984126984127,52.48536295198088,30.0,53.56141727041837
39065,2.6,40.17187504855652,39.17911274571704,2,9,9,False,52.58714995369134,-13.737916659603968,18.952245597719113,1584.1314034697898,52.35271461570704,23.333333333333332,52.804380115659654,30.0,41.41380208774752
39066,2.64,29.583771025998118,39.30538355569184,2,9,10,False,54.53927685797597,-175.69142138561696,181.6688527890177,1653.1449296180454,50.58396411683583,18.571428571428573,55.10483098726818,10.0,0.0
39067,2.68,40.00824443631524,39.43850051914509,2,9,9,False,54.42919889092218,9.907017034841132,10.343830185926981,1666.9337067037359,50.683701720325544,20.158730158730158,55.564456890124525,20.0,56.19188564677571
39068,2.72,40.467848382555076,39.588198768772465,2,9,9,False,54.280052920095414,13.423137374408896,15.017308933069687,1668.9460824923217,50.81883740731672,20.476190476190474,55.63153608307739,20.0,58.38946085900556
39069,2.76,36.969269518865836,39.521671720123216,2,9,9,False,54.524250392113025,-21.97777248158495,28.499689698729693,1685.955410932189,50.59757904572854,19.682539682539684,56.19851369773963,20.0,36.263892199009405
39070,2.8,39.632053846815445,39.03416151141031,2,9,9,False,54.45512648238065,6.221151875913833,6.947513391916434,1686.02460665117,50.66020968185917,19.682539682539684,56.20082022170566,20.0,53.88821992244615
39071,2.84,40.076136232202686,39.05661514717618,2,9,9,False,54.34946183570348,9.509818200945261,13.156789225978986,1699.4977508396078,50.755948537828566,19.841269841269842,56.649925027986924,20.0,55.943636375590785
39072,2.88,40.40847276288716,39.312429594624774,2,9,9,False,54.219009596616516,11.740701517826722,13.012861326871423,1701.1710999222014,50.87414652099118,20.158730158730158,56.70570333074004,20.0,57.3379384486417
39073,2.92,39.57619214558129,40.53198665365857,2,9,9,False,54.18561671163521,3.0053596483173095,17.08853446824201,1712.5602883808406,50.90440258776625,19.841269841269842,57.085342946028014,20.0,51.87834978019832
39074,2.96,39.62567950774605,40.83012684035476,2,9,9,False,54.15286897676707,2.9472961381330975,17.08853446824201,1721.7661604327623,50.934074107716,19.841269841269842,57.39220534775874,20.0,51.842060086333184
39075,3.0,39.70432637364997,41.09542265297507,2,9,9,False,54.12076756312658,2.8891272276440816,17.08853446824201,1736.841045963978,50.96316001973662,19.841269841269842,57.89470153213261,20.0,51.80570451727755
39076,3.04,42.45551248494072,41.65985107524278,2,9,9,False,54.08931362146741,2.8308547493249137,17.08853446824201,2024.5561595997024,50.99165928117244,25.07936507936508,67.48520531999009,20.0,51.76928421832807
39077,3.08,43.241648417939686,41.99553466835054,2,9,9,False,54.058508281984246,2.7724805534849395,17.08853446824201,2046.282532241471,51.019570867995576,27.77777777777778,68.20941774138237,20.0,51.732800345928084
39078,3.12,44.21845573440362,42.29068966937318,2,10,9,False,54.02835265411736,2.7140065080194375,17.08853446824201,2026.8152951817783,51.04689377498296,32.06349206349206,67.56050983939261,20.0,51.69625406751215
39079,3.16,43.58592667666953,42.54615757582586,2,10,9,False,54.0763290637442,-4.317876866415062,4.3943354518303295,2034.7654766794303,51.003424112085916,32.06349206349206,67.82551588931435,20.0,47.301326958490584
39080,3.2,43.651398133998846,42.8934144137642,2,10,9,False,54.12430699278932,-4.318013614061229,4.394335451831151,2042.5340866023207,50.95995307249975,32.22222222222222,68.08446955341068,20.0,47.301241491211734
39081,3.24,43.74241058607832,43.93122697767592,2,10,9,False,54.17228643721568,-4.318149998372434,4.3943354518303295,2047.474463108083,50.9164806598823,32.53968253968254,68.24914877026943,20.0,47.30115625101723
39082,3.28,43.660256964108605,44.3178633637233,2,10,9,False,54.220267393000405,-4.318286020625095,4.3943354518303295,2049.527731924618,50.873006877878545,32.22222222222222,68.31759106415393,20.0,47.30107123710931
39083,3.32,43.617996244474355,44.4490655305028,2,10,9,False,54.26824985613474,-4.318421682089877,4.394335451831151,2051.6231484522145,50.82953173012066,32.06349206349206,68.38743828174049,20.0,47.30098644869383
39084,3.36,43.47408764031934,44.49431164440949,2,10,9,False,54.316233822623914,-4.318556984025932,4.3943354518303295,2057.1985868720944,50.78605522022814,31.428571428571427,68.57328622906982,20.0,47.300901884983794
39085,3.4,43.7432742008414,44.48162723596994,2,10,9,False,54.35023789408617,-3.0603664316030432,3.5324552893524777,2065.4838927330834,50.75524537982765,31.9047619047619,68.84946309110278,20.0,48.0872709802481
39086,3.44,52.0794302746866,44.66174374973699,2,10,9,False,53.16836034792161,106.36897915481015,120.05464238906077,2063.462838782669,51.826101221625144,32.857142857142854,68.78209462608898,20.0,100.0
39087,3.48,44.34396300621853,44.878748049087186,2,10,9,False,53.20370707735883,-3.1812056493493657,3.6060489150581656,2070.002065486911,51.79407484814076,33.01587301587301,69.0000688495637,20.0,48.01174646915665
39088,3.52,44.02993848629475,45.0309199133888,2,10,9,False,53.274420065951965,-6.3641689733822915,7.2124170513616805,2078.6584582920623,51.730004406011055,32.857142857142854,69.28861527640208,20.0,46.02239439163607
39089,3.56,43.78460178482008,45.19622224461789,2,10,9,False,53.40188580473454,-11.471916490431795,11.55814726347351,2084.6718578174673,51.614512381099246,33.80952380952381,69.48906192724891,20.0,42.83005219348013
39090,3.6,44.06624283312893,45.385508436561516,2,10,9,False,53.49385344805637,-8.277087898964695,8.282050244011742,2094.03324957967,51.53118387686704,33.65079365079365,69.80110831932234,20.0,44.82682006314707
39091,3.64,45.747324841874104,45.34922666198447,2,10,9,False,53.3721715426624,10.951371485457315,11.958656736164356,2094.8469792639326,51.64143538274855,33.01587301587301,69.82823264213108,20.0,56.844607178410826
39092,3.68,46.25544972620121,45.294765932767525,2,10,9,False,53.25054313917473,10.946556313890241,11.958656736164356,2086.775455635495,51.75163841251753,35.079365079365076,69.5591818545165,20.0,56.8415976961814
39093,3.72,45.5684729576977,44.55997769003094,2,10,9,False,53.12896860503988,10.941708072136578,11.958656736164356,2085.7188960812164,51.8617926332442,32.22222222222222,69.52396320270722,20.0,56.83856754508536
39094,3.76,45.643884938857646,44.365805872047275,2,10,9,False,53.00744831091188,10.936826471519723,11.958656736164356,2102.2230257103774,51.97189770909256,32.06349206349206,70.07410085701258,20.0,56.83551654469983
39095,3.8,45.889430547797886,44.204908789073436,2,10,9,False,52.88598263068536,10.931911220386894,11.958656736164356,2113.0749411792644,52.0819533012904,32.698412698412696,70.43583137264214,20.0,56.83244451274181
39096,3.84,43.03870634539474,44.08388032479013,2,10,9,False,52.76457194152901,10.9269620240714,11.95865673616384,2012.613028311509,52.19195906809904,23.174603174603174,67.08710094371698,20.0,56.82935126504462
39097,3.88,43.08974545023811,43.95016396125277,2,10,9,False,52.64321662391941,10.921978584864505,11.958656736164356,2016.3169529642983,52.3019146647826,23.174603174603174,67.21056509880994,20.0,56.82623661554032
39098,3.92,43.261971361847685,43.67061852339311,2,10,9,False,52.52191706167527,10.916960601972576,11.958656736164356,2020.4523939282462,52.41181974357705,23.65079365079365,67.34841313094154,20.0,56.82310037623286
39099,3.96,42.01390119041442,43.363558242609095,2,10,10,False,52.400673641992086,10.911907771486398,11.958656736164356,2056.4053396717973,52.52167395365879,23.809523809523807,68.54684465572657,10.0,56.819942357179
39100,4.0,42.09917349060865,43.13089635999833,2,8,10,False,52.279486755477144,10.906819786344712,11.958656736164356,2035.2209884387712,52.63147694111288,24.444444444444443,67.8406996146257,10.0,56.81676236646545
39101,4.04,42.33226021342052,43.92571400950347,2,8,10,False,52.15835679618496,10.901696336296496,11.958656736164356,2043.603281476232,52.74122834890098,25.07936507936508,68.12010938254107,10.0,56.81356021018531
39102,4.08,42.46164647068057,44.69777617830644,2,8,10,False,52.03728416165312,10.896537107865782,11.958656736164356,2055.0587924491338,52.85092781682893,25.238095238095237,68.50195974830446,10.0,56.81033569241612
39103,4.12,42.39277958755817,45.71295516927662,2,8,10,False,51.91626925293855,10.89134178431138,11.958656736164356,2058.6135220697324,52.960574981513744,24.761904761904763,68.62045073565774,10.0,56.807088615194615
39104,4.16,42.57072635679311,46.708120229538565,2,8,10,False,51.79531247465419,10.886110045592332,11.958656736164356,2063.9157775179738,53.0701694763505,25.238095238095237,68.79719258393246,10.0,56.803818778495206
39105,4.2,42.77653036636846,47.70416738652046,2,9,10,False,51.6744142350061,10.880841568328279,11.958656736164356,2066.856844328022,53.17971093147869,25.873015873015877,68.89522814426739,10.0,56.80052598020517
39106,4.24,55.181696732919335,48.63749948767448,1,10,9,False,64.96942636045844,-2.8075130965517303,11.958656736164356,1687.6315627028825,41.13358868513327,66.66666666666666,56.25438542342942,70.0,48.24530431465517
39107,4.28,55.15417657343357,49.72602002120809,1,10,9,False,65.00087759958159,-2.8306115210828864,11.95865673616384,1684.27043503172,41.10509187236608,66.66666666666666,56.14234783439066,70.0,48.23086779932319
39108,4.32,55.22085423703684,50.79778722786663,1,10,9,False,65.03258511550206,-2.8536764328426045,11.958656736164356,1723.5716996031024,41.076362856604256,66.19047619047619,57.45238998677008,70.0,48.216452229473376
39109,4.36,55.031726173381415,51.717973863497576,1,10,9,False,65.06454853355035,-2.8767076243462952,11.958656736164356,1687.9155744696436,41.04740197732204,66.19047619047619,56.263852482321454,70.0,48.202057734783565
39110,4.4,55.21453724563047,52.78369709503885,1,10,10,False,65.09676747677197,-2.89970488994598,11.958656736164356,1710.787515851911,41.018209576064066,66.5079365079365,57.02625052839703,70.0,48.187684443783766
39111,4.44,53.21388640426267,53.12515826559471,1,10,10,False,65.1292415659478,-2.9226680258238957,11.958656736164356,1684.2818925828642,40.98878599642688,65.07936507936508,56.14272975276214,60.0,48.173332483860065
39112,4.48,55.16141989301198,53.45646727313891,1,10,10,False,65.16197041961456,-2.945596830009123,11.958656736164356,1696.6326907893163,40.95913158404031,66.66666666666666,56.55442302631054,70.0,48.1590019812443
39113,4.52,55.19346669332301,52.756194246210576,1,10,10,False,65.1949536540854,-2.968491102375026,11.958656736164356,1697.3279043713555,40.92924668654895,66.82539682539682,56.577596812378516,70.0,48.14469306101561
39114,4.56,53.503886098251925,52.050498284349,1,10,10,False,65.2281908834703,-2.9913506446418126,11.958656736164356,1669.5838116884734,40.89913165359354,66.66666666666666,55.65279372294911,60.0,48.13040584709887
39115,4.6,55.18145836605344,51.33409143004109,1,10,10,False,65.26168171969684,-3.0141752603880434,11.958656736164356,1699.4104078655855,40.8687868367923,66.82539682539682,56.64701359551951,70.0,48.116140462257476
39116,4.64,46.6682604034634,50.61928359768515,2,10,10,False,50.348517607430814,10.820367626602021,11.958656736164356,2290.1289794734007,54.38105717404523,35.55555555555556,76.33763264911335,10.0,56.762729766626265
39117,4.68,46.75223845689894,49.868816644107035,2,10,10,False,50.22835503194816,10.814631793438707,11.958656736164356,2284.6266273486563,54.489932070889346,35.87301587301587,76.15422091162188,10.0,56.75914487089919
39118,4.72,46.778420409779145,49.28405086702407,2,10,10,False,50.10825664644073,10.808854695668941,11.958656736164356,2275.505826371485,54.59874880755417,36.03174603174603,75.85019421238283,10.0,56.75553418479309
39119,4.76,46.685825031094666,48.533589558718035,2,10,10,False,49.98822291356423,10.803035958885019,11.95865673616384,2266.4433783848904,54.70750696484441,35.714285714285715,75.54811261282967,10.0,56.751897474303135
39120,4.8,46.62397198534203,47.78017705584673,2,10,10,False,49.8682543001786,10.797175204706733,11.958656736164356,2263.5337249535623,54.81620611975539,35.3968253968254,75.45112416511874,10.0,56.748234502941706
39121,4.84,46.45403218511012,46.97684708978779,2,10,10,False,49.74835127739263,10.791272050737248,11.958656736164356,2262.8206051860066,54.924845845432735,34.6031746031746,75.42735350620022,10.0,56.74454503171078
39122,4.88,46.20893380269318,46.02484967880744,2,10,10,False,49.628514320609085,10.78532611051898,11.958656736164356,2255.016670758834,55.033425711131464,33.65079365079365,75.16722235862781,10.0,56.740828819074366
39123,4.92,46.1966970792671,45.78222653848568,2,10,10,False,49.50874390957043,10.779336993479234,11.958656736164356,2254.106955692038,55.141945282174554,33.49206349206349,75.13689852306793,10.0,56.73708562092452
39124,4.96,46.1558841933395,45.529875071917424,2,10,10,False,49.38904052840498,10.773304304889919,11.958656736164356,2247.4864690898826,55.25040411991109,33.33333333333333,74.91621563632943,10.0,56.7333151905562
39125,5.0,46.15251665886724,45.254950099860984,2,10,10,False,49.26940466567371,10.767227645814472,11.958656736164356,2240.423039847323,55.35880178167396,33.33333333333333,74.68076799491075,10.0,56.72951727863405
39126,5.04,43.86392650554465,44.98481243499836,2,10,9,False,49.14983681441749,10.761106613059894,11.958656736164356,1855.6846955682558,55.46713782073689,31.746031746031743,61.856156518941866,10.0,56.725691633162434
39127,5.08,43.757489434289326,44.71405953571118,2,10,9,False,49.03033747220494,10.754940799129429,11.958656736164356,1843.8894682693417,55.57541178627127,31.428571428571427,61.46298227564473,10.0,56.72183799945589
39128,5.12,43.75678271960226,44.45789661339749,2,10,9,False,48.91090714118086,10.748729792167566,11.958656736164356,1837.3718954906126,55.68362322330211,31.428571428571427,61.245729849687095,10.0,56.71795612010473
39129,5.16,43.72402085807988,44.22120425494409,2,10,9,False,48.79154632811515,10.74247317591336,11.95865673616384,1856.1939595252334,55.791771672663806,30.793650793650794,61.87313198417444,10.0,56.71404573494585
39130,5.2,43.47932074510185,43.99034997656886,2,10,9,False,48.672255544452376,10.736170529649911,11.958656736164356,1824.6965354591048,55.89985667095524,30.317460317460316,60.82321784863682,10.0,56.7101065810312
39131,5.24,43.44417305274314,43.39063801930282,2,10,9,False,48.55303530636184,10.729821428148085,11.958656736164356,1819.2412858046828,56.00787775049435,30.158730158730158,60.64137619348943,10.0,56.70613839259255
39132,5.28,43.374937193895775,43.59044213599913,2,10,9,False,48.43388613478834,10.723425441615362,11.958656736164356,1814.909653329043,56.115834439272206,29.841269841269842,60.49698844430144,10.0,56.7021409010096
39133,5.32,43.38007711734599,43.97345917577036,2,10,9,False,48.31480855550337,10.716982135647228,11.958656736164356,1809.5849407079277,56.22372626090654,29.841269841269842,60.31949802359758,10.0,56.69811383477952
39134,5.36,43.36862550125234,44.22140195990175,2,10,9,False,48.195803099157075,10.71049107116643,11.958656736164356,1800.9467365269193,56.33155273459476,29.841269841269842,60.031557884230644,10.0,56.69405691947902
39135,5.4,43.42644573876434,44.4695511829511,2,10,9,False,48.07687030133069,10.70395180437437,11.958656736164356,1798.231248916869,56.439313375066355,30.0,59.941041630562296,10.0,56.68996987773398
39136,5.44,38.959340706147046,44.721423175169264,2,10,9,False,48.40156678135501,-29.222683202188335,54.873449961226996,1726.6419377138627,56.145117818535574,28.888888888888886,57.55473125712876,10.0,31.73582299863229
39137,5.48,48.550166059223045,44.9903628952711,2,10,9,False,47.62313874899165,70.05852291270223,101.22497157164922,1725.0930745945288,56.85042287199088,29.20634920634921,57.503102486484295,10.0,93.78657682043891
39138,5.52,48.46013098279936,45.2635389200394,2,10,9,False,46.86632246869296,68.1134652268824,98.72355441468,1718.2855004776975,57.53614631056144,28.888888888888886,57.276183349256584,10.0,92.5709157668015
39139,5.56,46.732802843865954,45.552855765589506,2,10,9,False,46.33291003015664,48.00711946826851,79.29993071660653,1712.8790224241202,58.019451732301405,29.04761904761905,57.09596741413734,10.0,80.00444966766781
39140,5.6,46.73457339619444,45.755873578274254,2,10,9,False,45.81023502289353,47.04075065367995,79.2999307166073,1710.8744583250436,58.493028361881706,28.888888888888886,57.02914861083479,10.0,79.40046915854997
39141,5.64,46.74648476469791,46.95779195847185,2,10,9,False,45.29866912735923,46.04093059808669,79.29993071660653,1704.192693783556,58.956539433290956,28.888888888888886,56.80642312611853,10.0,78.77558162380419
39142,5.68,46.70659738632384,47.71067884378962,2,10,9,False,44.79859291801778,45.00685884073057,79.29993071660653,1704.291038110643,59.40964012198333,28.57142857142857,56.80970127035477,10.0,78.1292867754566
39143,5.72,46.7222853499628,49.05560613912899,2,10,9,False,44.310395405882495,43.937776092175795,79.2999307166073,1700.9336621309012,59.851977959365584,28.57142857142857,56.69778873769671,10.0,77.46111005760987
39144,5.76,46.846739340496995,49.5871905873388,2,10,9,False,43.834473482455664,42.83297310841483,79.29993071660653,1696.8570697383038,60.28319333662275,29.04761904761905,56.561902324610124,10.0,76.77060819275927
39145,5.8,45.81629086956295,50.14459473543216,2,10,9,False,43.489146867218196,31.07939537137213,70.82317927273208,1692.3736922549542,60.59608110105761,29.04761904761905,56.41245640849848,10.0,69.42462210710758
39146,5.84,57.7916460636235,50.75123999955059,2,10,9,False,42.32424627827194,104.84105300516276,183.1214272739173,1800.5057692720811,61.65155474537434,43.17460317460318,60.01685897573604,30.0,100.0
39147,5.88,52.46108836257765,51.35887539798268,2,10,9,False,42.06227978961179,23.576983979413484,66.42699954481998,1793.9573024203655,61.88891296040031,42.857142857142854,59.79857674734552,30.0,64.73561498713343
39148,5.92,55.09846825021947,51.96583609392704,2,10,9,False,41.48546183403465,51.9136160019427,52.141417146638176,1790.5094472688743,62.411546527124706,42.22222222222222,59.6836482422958,30.0,82.44601000121419
39149,5.96,54.929179437740814,52.56909138713158,2,10,10,False,40.908715413446146,51.90717785296556,52.141417146638176,2144.4658940241898,62.93411527862294,39.84126984126984,71.48219646747299,20.0,82.44198615810348
39150,6.0,55.148980759919525,53.17452695302507,2,10,9,False,40.33204359668781,51.90046350825014,52.141417146638176,1777.8369037158218,63.45661643433035,41.42857142857143,59.26123012386073,30.0,82.43778969265634
39151,6.04,54.01254601328727,53.58979790762697,2,10,10,False,39.755449630252535,51.893456979174815,52.14141714663839,2041.557711928438,63.979047052719,36.98412698412699,68.05192373094793,20.0,82.43341061198424
39152,6.08,54.02619817737938,54.28434645773468,2,10,10,False,39.17893695129547,51.88614110613592,52.141417146638176,2028.9569152319664,64.50140401950878,36.666666666666664,67.63189717439889,20.0,82.42883819133496
39153,6.12,54.030013116030275,54.007860356974696,2,10,10,False,38.60250920180248,51.87849745436935,52.141417146638176,2006.4629284499972,65.02368403483011,36.507936507936506,66.8820976149999,20.0,82.42406090898085
39154,6.16,53.94566090477838,54.20049152402519,2,10,10,False,38.026170244037516,51.87050619884644,52.141417146638176,1990.1563801228667,65.54588359922741,35.87301587301587,66.33854600409556,20.0,82.41906637427903
39155,6.2,53.98751214068472,54.19957168656691,2,10,10,False,37.44992417740552,51.862145996879576,52.141417146638176,1975.292965078342,66.06799899838042,35.714285714285715,65.84309883594473,20.0,82.41384124804974
39156,6.24,51.82999079571967,54.246938783079194,2,10,10,False,36.87377535688394,51.85339384694231,52.141417146638176,1615.8057647898422,66.59002628640401,33.65079365079365,53.8601921596614,20.0,82.40837115433894
39157,6.28,54.1508734708555,54.04758816271657,2,10,9,False,36.297728413195216,51.84422493198511,52.141417146638176,1534.552403816746,67.11196126757063,37.93650793650794,51.151746793891526,30.0,82.40264058249069
39158,6.32,54.473812854503606,54.13292707956694,2,10,9,False,35.72178827491475,51.83461244524189,52.141417146638176,1520.3911745312435,67.63379947627912,38.88888888888889,50.67970581770812,30.0,82.39663277827617
39159,6.36,54.77266236718378,54.21872878706159,2,10,9,False,35.1459601927336,51.82452739630385,52.14141714663839,1517.2999392613165,68.1555361550711,39.523809523809526,50.57666464204388,30.0,82.39032962268989
39160,6.4,55.08743020071996,54.30857118217875,2,10,9,False,34.57024976612422,51.81393839484386,52.141417146638176,1509.4717055394394,68.67716623047025,40.317460317460316,50.31572351798131,30.0,82.38371149677741
39161,6.44,55.497584595888206,54.30086192148617,2,10,9,False,33.994662972690705,51.802811409016414,52.141417146638176,1504.8645766466725,69.198684286389,41.42857142857143,50.16215255488908,30.0,82.37675713063526
39162,6.48,52.75677331556809,54.32782563905631,2,10,10,False,33.41920620052285,51.791109495106866,52.141417146638176,1582.7805737058225,69.72008453481378,34.285714285714285,52.75935245686075,20.0,82.36944343444179
39163,6.52,55.03661301549169,54.35704878921023,2,10,9,False,32.843886283917755,51.778792494458656,52.141417146638176,1564.8457396780432,70.24136078343896,37.142857142857146,52.16152465593478,30.0,82.36174530903666
39164,6.56,55.05581866731524,54.20627241639008,2,10,9,False,32.26871054288344,51.76581669308831,52.141417146638176,1553.5344452053541,70.76250639987413,36.82539682539683,51.78448150684514,30.0,82.35363543318019
39165,6.6,55.1081218574361,54.05095988595054,2,10,9,False,31.693686826898073,51.752134438683015,52.141417146638176,1540.9276611088608,71.28351427199533,36.666666666666664,51.36425537029537,30.0,82.34508402417688
39166,6.64,53.85314977646741,53.88150290019208,2,10,9,False,31.118823563467302,51.7376937087694,52.141417146638176,1227.2062273377396,71.80437676394921,37.301587301587304,40.90687424459132,30.0,82.33605856798087
39167,6.68,54.31107675152644,53.71427587231684,2,10,9,False,30.54412981210207,51.722437622870814,52.14141714663839,1208.4700603972815,72.32508566724559,38.88888888888889,40.28233534657605,30.0,82.32652351429425
39168,6.72,52.180668597566765,53.52047190635625,2,10,10,False,29.969615324433132,51.70630389020449,52.141417146638176,1210.188307080336,72.84563214628996,35.714285714285715,40.339610236011204,20.0,82.3164399313778
39169,6.76,52.34155699701364,53.68196530978526,2,10,10,False,29.395290611287916,51.689224183069484,52.141417146638176,1203.5272516629266,73.3660066776076,35.87301587301587,40.11757505543089,20.0,82.30576511441842
39170,6.8,52.61006248922925,53.664235088534305,2,10,10,False,28.821167017684513,51.67112342430627,52.141417146638176,1194.6101693296278,73.88619898189424,36.507936507936506,39.82033897765426,20.0,82.29445214019142
39171,6.84,52.73917853808206,53.61535653130952,2,10,10,False,28.247256806849038,51.65191897519275,52.141417146638176,1189.59352456126,74.40619794789103,36.507936507936506,39.65311748537533,20.0,82.28244935949547
39172,6.88,53.08070586621722,53.696928477177956,2,10,10,False,27.673573254542188,51.6315197076165,52.141417146638176,1179.4748128946376,74.92599154691875,37.46031746031746,39.31582709648792,20.0,82.26969981726032
39173,6.92,53.17193700436111,54.203432252697304,2,10,10,False,27.100130755193153,51.60982494141315,52.141417146638176,1174.8898139385383,75.44556673671372,37.301587301587304,39.16299379795128,20.0,82.2561405883832
39174,6.96,54.69469415671626,54.680762119024564,2,10,10,False,26.52694494159172,51.586723224129045,52.141417146638176,1164.5868605057312,75.96490935297919,36.98412698412699,38.81956201685771,30.0,82.24170201508066
39175,7.0,54.823850360480215,55.35565865234522,2,10,10,False,25.9540328201906,51.56209092610055,52.14141714663839,1159.734278817732,76.48400398679294,36.98412698412699,38.6578092939244,30.0,82.22630682881285
39176,7.04,54.46927598061781,56.029744635438895,2,10,10,False,25.381412924430407,51.5357906184175,52.141417146638176,1199.452583350625,77.00283384568502,40.15873015873016,39.98175277835417,20.0,82.20986913651093
39177,7.08,56.08698520785735,56.69446471213488,2,10,10,False,24.80910548893238,51.5076691948223,52.141417146638176,1192.4089004835532,77.5213805958082,40.15873015873016,39.746963349451775,30.0,82.19229324676395
39178,7.12,59.93119508269953,57.36178444828721,2,10,9,False,24.237132647925296,51.47755569063765,52.141417146638176,1027.546285300301,78.03962418215065,52.22222222222223,34.251542843343366,40.0,82.17347230664853
39179,7.16,60.03903514745358,58.01738624696676,2,10,9,False,23.665518661903388,51.445258741971784,52.141417146638176,1026.581267513975,78.55754262316947,52.06349206349207,34.21937558379916,40.0,82.15328671373236
39180,7.2,60.279426997414554,58.6799016479526,2,10,9,False,23.094290177277333,51.4105636163449,52.141417146638176,1012.5099902239781,79.07511177553052,52.6984126984127,33.75033300746594,40.0,82.13160226021557
39181,7.24,60.43058879413784,59.22146901493289,2,10,9,False,22.52347652471303,51.373228730787375,52.141417146638176,1004.4742734404899,79.59230506379453,52.85714285714286,33.48247578134966,40.0,82.10826795674213
39182,7.28,60.586703409581055,59.754576745589816,2,10,9,False,21.953110062994018,51.332981554711026,52.14141714663839,997.5080368403651,80.10909316885606,53.01587301587302,33.250267894678835,40.0,82.08311347169438
39183,7.32,60.74701537191004,60.32673783882661,2,10,9,False,21.383226576645985,51.28951377132296,52.141417146638176,991.4679123793103,80.62544366767055,53.17460317460318,33.04893041264368,40.0,82.05594610707685
39184,7.36,60.9479274503717,60.77354397255232,2,10,9,False,20.81386573729274,51.24247554179199,52.141417146638176,985.7066621483755,81.14132061523652,53.492063492063494,32.85688873827918,40.0,82.02654721361998
39185,7.4,61.12212181619119,60.91577202021023,2,10,9,False,20.24507164085961,51.191468678981735,52.141417146638176,982.6435994963231,81.65668405785541,53.65079365079365,32.75478664987744,40.0,81.99466792436357
39186,7.44,61.19350256047981,61.06929090668894,2,10,9,False,19.676893435414215,51.13603849008559,52.141417146638176,871.832644772996,82.17148946426805,55.55555555555556,29.061088159099867,40.0,81.9600240563035
39187,7.48,61.221143128363224,61.20792096323793,2,10,9,False,19.109386057782594,51.075663986845896,52.141417146638176,863.5139405204936,82.68568705823382,55.23809523809524,28.78379801734979,40.0,81.92228999177867
39188,7.52,61.3352090994595,61.349421200691815,2,10,9,False,18.542611101291104,51.00974608423403,52.141417146638176,856.7510569696497,83.19922103230166,55.23809523809524,28.55836856565499,40.0,81.88109130264627
39189,7.56,61.44865881256578,61.48369499175376,2,10,9,False,17.976637842313345,50.93759330799838,52.14141714663839,850.025409021815,83.7120286176935,55.23809523809524,28.33418030072717,40.0,81.83599581749898
39190,7.6,61.63793165459454,61.622056672280195,2,10,9,False,17.411544460078204,50.858404401162645,52.14141714663794,834.8346239379553,84.2240389790811,55.714285714285715,27.82782079793184,40.0,81.78650275072667
39191,7.64,61.88126178519813,61.83878685906833,2,10,9,False,16.84741949286262,50.77124704940253,52.14141714663839,846.5303675015457,84.73517189518316,55.87301587301587,28.217678916718192,40.0,81.73202940587657
39192,7.68,61.942987676002424,62.051982406089586,2,10,9,False,16.284363584841582,50.67503172189344,52.141417146638176,845.9427420766824,85.2453361760087,55.55555555555556,28.19809140255608,40.0,81.6718948261834
39193,7.72,62.12859164358451,62.26941841319606,2,10,9,False,15.722491592294185,50.56847932926575,52.141417146638176,838.6428823723018,85.75442775450122,55.87301587301587,27.954762745743395,40.0,81.6052995807911
39194,7.76,62.19798890232417,62.49760471630955,2,10,9,False,15.161935136644923,50.450081008433614,52.141417146638176,832.2048334431238,86.26232737332157,55.714285714285715,27.740161114770796,40.0,81.531300630271
39195,7.8,62.40735553822734,62.71676554855855,2,10,9,False,14.602845716418223,50.31804782040299,52.141417146638176,814.4135276393754,86.76889776522033,56.34920634920635,27.14711758797918,40.0,81.44877988775188
39196,7.84,63.548689691829274,62.931230750031396,2,10,9,False,14.045398522605899,50.17024744310918,52.141417146638176,753.2419076780698,87.27398019607348,61.58730158730159,25.10806358926899,40.0,81.35640465194325
39197,7.88,63.68046838044633,63.14487998306044,2,10,9,False,13.48979714494423,50.00412398955016,52.141417146638176,752.5078598782711,87.7773902006975,61.58730158730159,25.083595329275703,40.0,81.25257749346885
39198,7.92,63.80273464575749,63.3569046803724,2,10,9,False,12.936279413969489,49.81659578772673,52.14141714663839,750.3859413918944,88.27891228957748,61.58730158730159,25.01286471306315,40.0,81.13537236732921
39199,7.96,63.95937876572512,63.30451456987055,2,10,9,False,12.385124700722868,49.60392419219591,52.141417146638176,779.5490188934455,88.77829333487249,61.111111111111114,25.98496729644818,40.0,81.00245262012244
39200,8.0,63.96513908644748,63.23912913993782,2,10,9,False,11.836663099887584,49.36154407517551,52.141417146638176,739.5562394566441,89.27523424991233,61.42857142857143,24.651874648554802,40.0,80.8509650469847
39201,8.04,64.02224123024001,63.02170074011471,2,10,9,False,11.291287063025395,49.08384331759701,52.141417146638176,734.4713534260482,89.76937944874912,61.26984126984127,24.482378447534938,40.0,80.67740207349813
39202,8.08,64.20172245094297,62.77260336580007,2,10,9,False,10.749466240268337,48.763874048135264,52.141417146638176,731.0385685022484,90.26030339864548,61.58730158730159,24.36795228340828,40.0,80.47742128008454
39203,8.12,64.42555815294168,62.445049583519506,2,10,9,False,10.211766550079,48.39297211704031,52.141417146638176,697.9731679732959,90.74749334166499,62.698412698412696,23.26577226577653,40.0,80.2456075731502
39204,8.16,61.31430634998016,62.1045256708234,2,10,10,False,9.67887485235633,47.96025279504031,52.141417146638176,831.0567550022351,91.23032693927718,53.17460317460318,27.70189183340784,30.0,79.9751579969002
39205,8.2,61.34396648439182,61.76112839376321,2,10,10,False,9.151631081586432,47.45193936929083,52.14141714663839,825.7931934491353,91.70804315768959,53.01587301587302,27.52643978163784,30.0,79.65746210580676
39206,8.24,59.588848104446825,61.40165102961038,2,10,10,False,8.631070339822378,46.85046675876489,52.14141714663794,973.6204865052132,92.1797041289446,42.698412698412696,32.454016216840444,30.0,79.28154172422805
39207,8.28,59.41818704645168,61.036905171521425,2,10,10,False,8.118478285989564,46.13328484495322,52.14141714663839,956.8150173906233,92.64414496470393,42.06349206349206,31.893833913020774,30.0,78.83330302809576
39208,8.32,59.61804430446252,60.639850882037365,2,10,10,False,7.615464192078259,45.27126845201743,52.141417146638176,961.793996670127,93.0999075627154,42.53968253968254,32.05979988900423,30.0,78.2945427825109
39209,8.36,59.59418142809304,60.22508071169897,2,10,10,False,7.124057183458595,44.22663077576982,52.141417146638176,957.8301351054306,93.54515340699791,42.38095238095238,31.92767117018102,30.0,77.64164423485613
39210,8.4,59.68196732103524,59.780333930140024,2,10,10,False,6.64683212945607,42.95025486022724,52.141417146638176,949.5660725397993,93.97754950301409,42.857142857142854,31.65220241799331,30.0,76.84390928764202
39211,8.44,59.64565039589115,59.77699438874759,2,10,10,False,6.187071574886677,41.37844991124531,52.141417146638176,946.7797010380618,94.39412165745294,42.857142857142854,31.559323367935395,30.0,75.86153119452833
39212,8.48,59.58818878938006,58.86027195645139,2,10,10,False,5.74896709853097,39.429402872013625,52.14141714663828,948.0149890859393,94.79107203471125,42.857142857142854,31.600499636197977,30.0,74.64337679500852
39213,8.52,59.25758975643125,57.99539306965753,2,10,10,False,5.337853635950706,37.000211632223774,52.141417146638176,928.9023533987693,95.16356684559445,42.38095238095238,30.963411779958978,30.0,73.12513227013986
39214,8.56,59.2244804068823,57.06940263875291,2,10,10,False,4.960446642117265,33.966629445009694,52.14141714663828,950.706364520287,95.50552146296857,42.53968253968254,31.690212150676235,30.0,71.22914340313106
39215,8.6,59.08859677423429,56.040423595323546,2,10,10,False,4.625004978524067,30.189749723387862,52.141417146638176,936.4277107229027,95.80945283572943,43.333333333333336,31.21425702409676,30.0,68.86859357711741
39216,8.64,61.27423185327086,54.92227882538592,2,10,10,False,4.34126731785455,25.536389460256512,52.141417146638176,1016.8087464244127,96.06653711019759,51.90476190476191,33.89362488081375,30.0,65.96024341266032
39217,8.68,50.343297296837534,53.71439168328799,2,10,10,False,7.579829957883,-291.4706376025605,316.52209314915797,1009.2992219167663,93.13219443370284,51.42857142857142,33.64330739722555,30.0,0.0
39218,8.72,49.21030146292041,52.744428559195114,2,10,10,False,10.990831840336984,-306.9901694208586,316.5220931491579,999.8810993675179,90.04161089223376,50.79365079365079,33.32936997891726,30.0,0.0
39219,8.76,48.30630187559636,51.7119222218215,2,10,10,False,14.452691409613161,-311.5673612348559,316.52209314915814,991.4079954590125,86.90494706841173,51.11111111111111,33.046933181967084,30.0,0.0
39220,8.8,47.270295783310075,50.6322473216658,2,10,10,False,17.935984375195105,-313.4963669023749,316.5220931491578,989.444823100981,83.74886323130823,50.79365079365079,32.98149410336603,30.0,0.0
39221,8.84,46.17644418884148,50.503591774644086,2,10,10,False,21.43026187706944,-314.48497516869026,316.5220931491581,984.4462193395739,80.58282670926178,50.317460317460316,32.8148739779858,30.0,0.0
39222,8.88,45.18732161586007,50.02593344646835,2,10,10,False,24.930905615703274,-315.057936477045,316.52209314915814,984.8664968027915,77.41102197387858,50.15873015873016,32.82888322675972,30.0,0.0
39223,8.92,48.006092906776594,49.329230384310755,2,10,9,False,28.435564485433204,-315.4192982756937,316.52209314915774,978.829856561797,74.23557927565922,59.36507936507937,32.62766188539323,40.0,0.0
39224,8.96,47.19811274089677,49.80611243608656,2,10,9,False,31.942916937533298,-315.6617206890084,316.52209314915814,976.1607868970186,71.05769602137227,60.0,32.53869289656729,40.0,0.0
39225,9.0,46.301490954562944,50.11065736789421,2,10,9,False,35.45216353676978,-315.83219393128354,316.52209314915814,971.7393820440793,67.87809654992489,60.317460317460316,32.391312734802646,40.0,0.0
39226,9.04,57.68061384262157,50.642129736955525,2,10,9,False,34.84663225890051,54.49781500823413,61.5946491716296,922.969679194317,68.42674620352203,55.714285714285715,30.7656559731439,40.0,84.06113438014631
39227,9.08,53.35669683612555,50.8773905510868,2,10,9,False,34.72515006132642,10.933397781668646,64.77758715498953,916.0339150346699,68.53681676148192,54.761904761904766,30.534463834488996,40.0,56.8333736135429
39228,9.12,52.9137951073797,51.35338590507589,2,11,9,False,34.82705452124565,-9.171401392730942,137.8008337736222,933.767990945149,68.44448487264636,54.285714285714285,31.125599698171634,50.0,44.26787412954316
39229,9.16,56.06588191814721,52.122254100955644,2,11,9,False,34.57202899552527,22.952297314833956,25.050877258283396,916.2558147815816,68.67555413604964,54.920634920634924,30.541860492719387,50.0,64.34518582177122
39230,9.2,52.86484064461225,52.56888643262835,2,11,9,False,34.67432157856289,-9.206332473385501,121.29378568408809,932.2019293991434,68.58287058310978,53.96825396825397,31.073397646638114,50.0,44.24604220413406
39231,9.24,54.6839703043321,53.080576584166884,2,10,9,False,34.37635088329369,26.817362574227985,27.703747253185522,912.3212688710173,68.85285088754061,53.80952380952381,30.410708962367245,40.0,66.7608516088925
39232,9.28,50.093425552885385,53.644589014450894,2,10,9,False,34.60932774811256,-20.967917833698593,137.18540825269284,926.6613569278034,68.64175910607426,53.333333333333336,30.888711897593446,40.0,36.89505135393838
39233,9.32,51.8883884367105,53.23922590129349,2,10,9,False,34.61851425413669,-0.8267855421716064,69.17214213863154,924.3801324445303,68.63343555032726,53.01587301587302,30.812671081484343,40.0,49.48325903614275
39234,9.36,54.413739966417104,53.18047795710327,2,10,9,False,34.33497675031886,25.518375343604944,25.527435916857527,904.1914807228077,68.89033847002256,53.333333333333336,30.139716024093588,40.0,65.9489845897531
39235,9.4,53.36568088684916,53.140497962846815,2,10,8,False,34.42830113731894,-8.399194830007275,80.83141426102078,710.2107481588973,68.80578067016798,59.84126984126984,23.67369160529658,50.0,44.75050323124545
39236,9.44,53.33839455935907,52.97292767514048,2,10,8,False,34.544731487549676,-10.47873152076626,80.83141426102097,742.1378835523446,68.70028740556394,60.0,24.737929451744822,50.0,43.45079279952109
39237,9.48,53.06964011797105,53.07021797699144,2,10,8,False,34.684035109541455,-12.537325979260103,80.83141426102078,742.4952230774979,68.57406950940579,59.84126984126984,24.749840769249932,50.0,42.164171262962434
39238,9.52,52.81625648473277,53.00392962488414,2,10,8,False,34.84593768290519,-14.571231602735963,80.83141426102092,738.7558654349177,68.42737553332407,59.84126984126984,24.625195514497257,50.0,40.89298024829002
39239,9.56,52.65172150584295,53.44516792524596,2,10,8,False,35.030125864888475,-16.5769363784959,80.83141426102083,737.5959871881041,68.26048938567962,60.15873015873016,24.586532906270136,50.0,39.63941476344006
39240,9.6,52.43403517630228,53.73306226993598,2,10,8,False,35.23625018084294,-18.55118843590155,80.83141426102078,734.3451398035504,68.07372771261741,60.317460317460316,24.478171326785013,50.0,38.40550722756153
39241,9.64,54.05503846567112,53.617977276828505,2,10,8,False,35.24289869568463,-0.5983663357523739,2.766341215385271,730.2283297444719,68.06770373747668,60.15873015873016,24.34094432481573,50.0,49.62602104015477
39242,9.68,54.03232426682371,53.60526824984411,2,10,8,False,35.24957275887587,-0.6006656872116878,2.766341215385271,726.0914302285746,68.06165661391464,60.15873015873016,24.20304767428582,50.0,49.624583945492695
39243,9.72,53.888510079044515,53.511565392929704,2,10,8,False,35.25627235590764,-0.602963732859223,2.766341215385124,721.5454203683876,68.05558635507737,59.682539682539684,24.051514012279583,50.0,49.623147666962986
39244,9.76,55.38828515722738,53.62449469645117,2,10,8,False,35.26299747222647,-0.6052604686949792,2.766341215385271,721.909102657446,68.04949297415126,59.682539682539684,24.0636367552482,60.0,49.62171220706564
39245,9.8,55.3431205729907,54.431718754476236,2,10,8,False,35.26974809323456,-0.6075558907279088,2.766341215385271,721.2227222970414,68.04337648436285,59.523809523809526,24.04075740990138,60.0,49.62027756829506
39246,9.84,53.03272004912742,55.31448296657419,2,10,9,False,35.27652420428995,-0.6098499949848701,2.766341215385271,829.3952769435236,68.03723689897868,54.12698412698413,27.64650923145079,50.0,49.618843753134456
39247,9.88,53.21317256303628,56.28664397083552,2,10,9,False,35.283325790706655,-0.6121427775035926,2.766341215385124,826.2159897753954,68.03107423130513,54.920634920634924,27.540532992513185,50.0,49.61741076406025
39248,9.92,52.21396027638627,57.220805751365646,2,10,9,False,35.29015283775483,-0.6144342343358744,2.766341215385271,823.6130382833962,68.02488849468844,56.98412698412698,27.453767942779873,40.0,49.61597860354008
39249,9.96,54.42479176022873,58.2334289329762,2,10,9,False,35.29700533066091,-0.6167243615469431,2.766341215385271,807.4646437373813,68.01867970251436,60.15873015873016,26.915488124579372,50.0,49.61454727403316
39250,10.0,62.502945181033525,59.35766332243143,2,10,9,False,31.11119053284677,376.7233318032725,385.2624574901524,810.9590888933926,71.81129277268221,57.61904761904761,27.031969629779756,50.0,100.0
39251,10.04,63.24489205101836,58.97474166026789,2,10,9,False,26.955193362230776,374.03974535543944,385.2624574901525,804.8412495285011,75.57688918585603,56.19047619047619,26.828041650950034,50.0,100.0
39252,10.08,64.0999672274382,58.53095318849387,2,10,9,False,22.845292814607816,369.8910492860664,385.2624574901524,800.0455350767261,79.30071914176919,55.23809523809524,26.668184502557533,50.0,100.0
39253,10.12,65.26497983203272,58.22047674883976,2,10,9,False,18.811726134006385,363.02100125412886,385.2624574901525,797.8950415871168,82.95538578402751,55.55555555555556,26.596501386237225,50.0,100.0
39254,10.16,66.1838024461503,57.71198543140019,2,10,9,False,14.916546458959989,350.5661707541757,385.2624574901524,785.7758247681231,86.48466504261957,55.23809523809524,26.192527492270774,50.0,100.0
39255,10.2,67.37932275250729,57.06448160898544,2,10,9,False,11.30373204519333,325.15329723899924,385.2624574901524,796.7275464047962,89.75810350743114,55.87301587301587,26.557584880159872,50.0,100.0
39256,10.24,50.79322521126479,56.15714688482624,2,11,9,False,14.164443023387307,-257.4639880374579,293.19935969034503,1301.6938145294434,87.16611834565646,42.53968253968254,43.38979381764811,50.0,0.0
39257,10.28,50.0176589117025,54.499296164695544,2,11,9,False,17.167255854224134,-270.2531547753145,293.19935969034526,1293.9518446618522,84.44537991369174,42.857142857142854,43.13172815539507,50.0,0.0
39258,10.32,49.307002773278136,52.71230135729164,2,11,9,False,20.24905035685261,-277.36150523656283,293.1993596903448,1303.4856505610546,81.65307908940689,43.17460317460318,43.44952168536849,50.0,0.0
39259,10.36,47.111276753761395,50.99422449118342,2,11,8,False,23.378613015588964,-281.6606392862719,293.1993596903455,1066.2213861827117,78.81749729309068,42.53968253968254,35.540712872757055,50.0,0.0
39260,10.4,44.44391440740935,48.98118020794599,2,10,8,False,26.53905032399108,-284.4393577561905,293.1993596903448,1060.1178434208878,75.95394111054019,41.42857142857143,35.33726144736293,40.0,0.0
39261,10.44,43.53677507031833,46.32165935157273,2,10,8,False,29.72051441436284,-286.33176813345824,293.19935969034503,1059.582950590051,73.07133333302586,41.269841269841265,35.31943168633504,40.0,0.0
39262,10.48,42.60873653946514,43.488742881657,2,10,8,False,32.916909049874654,-287.67551719606337,293.19935969034503,1063.6164080621832,70.1751975368633,40.95238095238095,35.45388026873944,40.0,0.0
39263,10.52,41.80095436217161,41.962987782164596,2,10,8,False,36.124271136307286,-288.6625877789368,293.19935969034526,1076.4243526441444,67.2691245361855,40.95238095238095,35.88081175480482,40.0,0.0
39264,10.56,43.48304483413942,40.426685221162415,2,11,9,False,39.33991825423027,-289.4082406130686,293.19935969034503,1279.7207249085068,64.35554477273035,41.11111111111111,42.657357496950226,50.0,0.0
39265,10.6,41.10844843318362,38.300407192464604,2,10,9,False,42.56197259007092,-289.9848902256588,293.199359690345,1295.8375670892215,61.436159664416046,40.79365079365079,43.194585569640715,40.0,0.0
39266,10.64,34.269552169671236,38.21209918692077,2,6,6,False,45.78908158780574,-290.43980979613355,293.1993596903453,406.67081467122625,58.51219471258475,28.730158730158728,13.55569382237421,50.0,0.0
39267,10.68,33.38432511351846,38.37910415595064,2,6,6,False,49.02024697958859,-290.80488526045673,293.1993596903448,405.2838215314441,55.58455441107186,28.730158730158728,13.509460717714806,50.0,0.0
39268,10.72,32.484164017356015,38.634952007988694,2,7,6,False,52.254716290621566,-291.1022379929677,293.199359690345,401.08963398377455,52.65392054965821,28.730158730158728,13.36965446612582,50.0,0.0
39269,10.76,31.582028179676268,38.99610507264729,2,7,6,False,55.49191179510029,-291.34759540308545,293.1993596903453,396.6487043585803,49.720816584478946,28.730158730158728,13.221623478619343,50.0,0.0
39270,10.8,23.791666428904428,39.50306603497831,2,6,6,False,58.73138270231158,-291.5523816490156,293.1993596903455,394.05137101134824,46.78565096044467,7.142857142857142,13.135045700378276,40.0,0.0
39271,10.84,46.05158068723532,40.63876732776613,2,7,6,False,57.25659974884556,132.73046581194166,133.9973313027335,394.43085075997806,48.12189763526097,28.57142857142857,13.1476950253326,50.0,100.0
39272,10.88,46.44797403576786,41.746954847989166,2,7,6,False,55.7825646517531,132.6631587383215,133.9973313027335,393.57537628927435,49.45746670488115,28.57142857142857,13.119179209642478,50.0,100.0
39273,10.92,46.606949294775,43.685647565098826,2,7,6,False,54.30933830482493,132.59037122353547,133.99733130273293,353.21675857941955,50.79230299567767,28.41269841269841,11.773891952647318,50.0,100.0
39274,10.96,46.94257331536826,45.690974741395614,2,7,6,False,52.836988357988666,132.51149521526344,133.9973313027335,379.98156936914177,52.126345212535476,27.61904761904762,12.666052312304727,50.0,100.0
39275,11.0,47.88448591014386,47.63501474822798,2,7,6,False,51.365590175037724,132.4258364655848,133.9973313027335,393.13520157295716,53.45952507108896,29.523809523809526,13.104506719098572,50.0,100.0
39276,11.04,57.11146034759331,49.82547692491789,2,10,9,False,49.89522795790224,132.3325995421933,133.99733130273353,1357.0083149971979,54.79176627906145,45.55555555555556,45.2336104999066,50.0,100.0
39277,11.08,54.40669867585992,52.55029721211733,2,10,9,False,48.4259960720017,132.2308697310487,133.9973313027335,1313.9607350472781,56.12298333541177,40.0,43.798691168242605,40.0,100.0
39278,11.12,57.533864774987165,53.579760605597734,2,10,9,False,46.95800061558642,132.11959107737528,133.99733130273293,1384.9849738895605,57.453080108411626,43.492063492063494,46.16616579631868,50.0,100.0
39279,11.16,57.44825122907994,54.62643990484916,2,10,9,False,45.49136128667399,131.9975396021186,133.9973313027335,1343.6857381233888,58.78194814408302,42.38095238095238,44.789524604112955,50.0,100.0
39280,11.2,55.81264409934448,55.744133974948134,2,10,9,False,44.02621361495199,131.86329045498007,133.9973313027335,1308.341893612661,60.109464643953146,40.95238095238095,43.61139645375536,40.0,100.0
39281,11.24,57.8675742999552,55.66704942603872,2,10,9,False,42.56271164384928,131.71517739924377,133.9973313027335,1315.9568864667783,61.435490034928186,41.42857142857143,43.86522954889261,50.0,100.0
39282,11.28,56.48950987529769,55.50754991003416,2,10,9,False,41.1010311712363,131.55124253516846,133.99733130273353,1292.6275333961817,62.759865033013625,40.79365079365079,43.08758444653939,40.0,100.0
39283,11.32,58.4051414090001,54.57909605383486,2,10,9,False,39.641373687774866,131.3691735115291,133.99733130273322,1280.5283017492484,64.08240707492028,41.11111111111111,42.68427672497494,50.0,100.0
39284,11.36,59.00812562678496,53.87279478641498,2,10,9,False,38.18397119240058,131.16622458368604,133.9973313027335,1274.2761648864443,65.40290595493241,42.06349206349206,42.47587216288148,50.0,100.0
39285,11.4,60.01927813596261,52.905497798313576,2,10,9,False,36.72909211842488,130.93911665781272,133.99733130273322,1286.3028055777454,66.72111845548436,44.285714285714285,42.876760185924844,50.0,100.0
39286,11.44,46.0175587284555,51.83368403770376,2,8,8,False,36.62940335953727,8.971988299884828,11.867024682383445,1388.5051602340022,66.81144277898366,24.761904761904763,46.283505341133406,30.0,55.60749268742802
39287,11.48,45.970491718088944,51.13078605051236,2,8,8,False,36.5299184919338,8.953638084312487,11.867024682383445,1374.0274495970089,66.90158236407804,24.761904761904763,45.80091498656696,30.0,55.596023802695306
39288,11.52,45.97001407320186,50.254146867372334,2,8,8,False,36.43063918597477,8.93513753631268,11.867024682383445,1360.9450979638436,66.99153569731533,24.92063492063492,45.36483659879479,30.0,55.58446096019543
39289,11.56,45.93108346682132,49.68800637841139,2,8,8,False,36.33156712680779,8.916485325028063,11.867024682383445,1356.0592803140376,67.08130125184522,24.761904761904763,45.201976010467924,30.0,55.57280332814254
39290,11.6,45.92630091777031,49.01151129361582,2,8,8,False,36.23270401447437,8.897680110007684,11.867024682383445,1350.0807941568323,67.17087748732247,24.761904761904763,45.00269313856108,30.0,55.5610500687548
39291,11.64,44.586486101762226,48.862237031070855,2,8,8,False,36.13405156401618,8.878720541237044,11.867024682383445,1372.3482963584574,67.26026284981084,12.857142857142856,45.74494321194858,40.0,55.54920033827315
39292,11.68,47.37786825304751,48.52925297439443,2,9,8,False,36.03561150558099,8.859605259167509,11.867024682383445,1290.710927921114,67.34945577168699,25.555555555555554,43.02369759737047,40.0,55.53725328697969
39293,11.72,47.34790410227499,49.3278626530201,2,9,8,False,35.937385584528094,8.840332894760436,11.867024682383445,1271.8030126712606,67.4384546715449,25.71428571428571,42.393433755708685,40.0,55.52520805922527
39294,11.76,49.69582400776631,50.18337091058874,2,9,9,False,35.83937556153345,8.82090206951787,11.867024682383445,1958.6453470116912,67.52725795410079,21.26984126984127,65.28817823372304,40.0,55.513063793448666
39295,11.8,50.28720039145329,50.605133130278865,2,9,9,False,35.67344573403472,14.933684474885638,15.075955800411375,1945.3488703224393,67.67760087725902,21.428571428571427,64.84496234408131,40.0,59.333552796803524
39296,11.84,57.21683447624534,51.24096851866464,2,11,9,False,35.31552974208135,32.21243927580325,71.60007852754575,1284.666759408035,68.00189541360912,43.492063492063494,42.822225313601166,60.0,70.13277454737702
39297,11.88,56.023469455845564,51.88350130173624,2,11,9,False,35.11494299941976,18.052806839543294,18.10655245451728,1276.772682822766,68.18363969487021,43.96825396825397,42.55908942742553,60.0,61.28300427471456
39298,11.92,55.6008748719635,52.639220174488564,2,11,9,False,34.97112074785289,12.94400264101803,14.720686877641922,1264.3521052671354,68.31395175534605,44.285714285714285,42.14507017557118,60.0,58.09000165063627
39299,11.96,56.23659080891275,52.82867983708612,2,11,9,False,34.780852910251056,17.124105384165347,41.54033832246788,1271.0286524569212,68.48634645567971,44.920634920634924,42.36762174856404,60.0,60.70256586510334
39300,12.0,51.031160709483245,53.03021580450885,2,11,9,False,35.1561336192024,-33.77526380562095,109.0582886758029,1212.6439969396567,68.14631838695244,44.761904761904766,40.421466564655226,60.0,28.890460121486903
39301,12.04,53.56110812745062,53.050212276017454,2,10,9,False,35.05694114379191,8.927322786944103,10.47690940586212,1196.6944864935622,68.23619304621845,45.07936507936508,39.889816216452076,50.0,55.579576741840064
39302,12.08,53.636694314629565,53.02252044744574,2,10,9,False,34.95785485827514,8.917765696509221,10.476909405861777,1198.667704768318,68.32597149072141,45.23809523809524,39.955590158943934,50.0,55.57360356031826
39303,12.12,53.65511257479005,52.411126182232984,2,10,9,False,34.85887566818579,8.908127108041697,10.47690940586212,1181.2781799050192,68.41565289999053,45.55555555555556,39.375939330167306,50.0,55.56757944252606
39304,12.16,49.6513842042182,52.215737805778055,2,9,9,False,34.760004488387274,8.89840618186632,10.47690940586212,1167.4032525132625,68.50523644510164,35.714285714285715,38.91344175044208,40.0,55.56150386366645
39305,12.2,49.76633571134775,52.0549747392281,2,9,9,False,34.66124224317755,8.888602068875429,10.476909405861777,1153.4622587028798,68.59472128858232,36.34920634920635,38.44874195676266,40.0,55.555376293047146
39306,12.24,49.935781665869534,51.847863690752924,2,9,9,False,34.56258986639502,8.878713910427223,10.47690940586212,1205.9832586436496,68.6841065843159,35.87301587301587,40.19944195478832,40.0,55.549196194017014
39307,12.28,49.954898448592786,52.07419349480772,2,9,9,False,34.46404830152563,8.868740838245373,10.47690940586212,1196.7000087674933,68.77339147744436,36.03174603174603,39.89000029224978,40.0,55.542963023903354
39308,12.32,49.880103293692336,52.095954249149564,2,9,9,False,34.36561850181102,8.858681974314777,10.476909405861777,1184.5150718130412,68.86257510427052,35.87301587301587,39.48383572710137,40.0,55.536676233946736
39309,12.36,53.67880893838637,52.111596306643726,2,10,9,False,34.267301430357826,8.848536430787561,10.47690940586212,1162.911064229209,68.95165659215878,45.3968253968254,38.763702140973635,50.0,55.53033526924223
39310,12.4,53.67171807336399,52.124367463857205,2,10,9,False,34.16909806024816,8.838303309869886,10.47690940586212,1148.4095462688479,69.0406350594352,45.55555555555556,38.280318208961596,50.0,55.52393956866868
39311,12.44,53.751258227210705,52.41207984277548,2,10,9,False,34.071009374651204,8.827981703726024,10.476909405861777,1135.3691099927996,69.12950961528628,46.03174603174603,37.84563699975998,50.0,55.51748856482877
39312,12.48,53.74711835814081,52.68849080524552,2,10,9,False,33.9730363669359,8.817570694377324,10.47690940586212,1121.4736500053637,69.2182793596569,46.19047619047619,37.38245500017879,50.0,55.510981683985825
39313,12.52,53.82223717955261,52.94602567051523,2,10,9,False,33.87518004078491,8.807069353589014,10.47690940586212,1107.5649492085709,69.30694338314707,46.666666666666664,36.918831640285696,50.0,55.50441834599313
39314,12.56,53.824399004559595,53.20556831914451,2,10,9,False,33.77744141030963,8.796476742775567,10.476909405861777,1094.9459747005767,69.39550076690767,46.82539682539682,36.49819915668589,50.0,55.49779796423473
39315,12.6,53.808366461351795,53.461351722439396,2,10,9,False,33.67982150016639,8.78579191289134,10.47690940586212,1078.6963097451826,69.48395058253524,46.98412698412698,35.95654365817275,50.0,55.49111994555709
39316,12.64,53.103932751237586,53.389013566753825,2,10,9,False,33.5823213456739,8.775013904324425,10.47690940586212,1075.5683196742957,69.57229189196555,44.12698412698413,35.852277322476525,50.0,55.48438369020276
39317,12.68,53.083267260988045,53.328393080341606,2,10,9,False,33.484941992931745,8.764141746793683,10.476909405861777,1058.4086553175457,69.66052374736613,44.285714285714285,35.28028851058485,50.0,55.477588591746056
39318,12.72,53.02620004910617,53.26677460777149,2,10,9,False,33.38768449894012,8.753174459246438,10.47690940586212,1041.913562962971,69.74864519102798,44.285714285714285,34.730452098765696,50.0,55.470734037029025
39319,12.76,53.06941023214421,53.206693139961054,2,10,9,False,33.29054993172075,8.742111049743357,10.47690940586212,1029.6094187720778,69.83665525525575,44.60317460317461,34.32031395906926,50.0,55.4638194060896
39320,12.8,52.94950413323086,53.0036181251866,2,10,9,False,33.193539370438984,8.7309505153587,10.476909405861777,1016.436612462036,69.92455296225744,44.285714285714285,33.881220415401195,50.0,55.45684407209919
39321,12.84,52.81075107015958,52.88573930207721,2,10,9,False,33.09665390552701,8.719691842077353,10.47690940586212,999.5030541383226,70.01233732403243,43.96825396825397,33.31676847127742,50.0,55.449807401298344
39322,12.88,52.94427223641727,52.8850650465674,2,10,9,False,32.999894638808385,8.70833400467653,10.47690940586212,997.3505219380154,70.10000734225888,44.44444444444444,33.24501739793384,50.0,55.44270875292283
39323,12.92,53.01183655636933,52.94712863441555,2,10,9,False,32.90326268362358,8.696875966632405,10.476909405861777,989.9519283134787,70.18756200817987,44.761904761904766,32.99839761044929,50.0,55.43554747914526
39324,12.96,53.02614074441555,53.008655321100626,2,10,9,False,32.80675916495687,8.685316680003723,10.47690940586212,979.8466969519859,70.27500030248846,44.920634920634924,32.6615565650662,50.0,55.42832292500233
39325,13.0,51.38533700225923,53.0769586931313,2,9,9,False,32.71038521956431,8.673655085330765,10.47690940586212,978.4113816034751,70.36232119521175,44.285714285714285,32.613712720115835,40.0,55.42103442833173
39326,13.04,52.409853127246876,53.15098304695328,2,9,9,False,32.61414199610293,8.661890111524073,10.476909405861777,964.0173385512435,70.44952364559379,48.57142857142857,32.13391128504145,40.0,55.41368131970255
39327,13.08,53.800275395234024,53.22468528069805,2,10,9,False,32.518030655261114,8.650020675763415,10.47690940586212,952.9723825591846,70.5366066019774,48.25396825396825,31.76574608530615,50.0,55.406262922352134
39328,13.12,53.84869580541543,53.464767311756596,2,10,9,False,32.422052369890196,8.638045683382671,10.47690940586212,941.7902358471247,70.62356900168514,48.57142857142857,31.393007861570823,50.0,55.398778552114166
39329,13.16,53.82158750120905,53.70290670070853,2,10,9,False,32.32620832513717,8.625964027772,10.476909405861777,931.3846598957298,70.71040977089879,48.57142857142857,31.046155329857662,50.0,55.3912275173575
39330,13.2,53.84584051347426,53.934981428277005,2,10,9,False,32.23049971857862,8.613774590269756,10.47690940586212,923.3242231470649,70.79712782453822,48.73015873015873,30.777474104902165,50.0,55.3836091189186
39331,13.24,53.95770247800785,54.297650918315036,2,10,9,False,32.13492776035584,8.601476240049948,10.47690940586212,908.9855238783384,70.8837220661388,49.36507936507937,30.29951746261128,50.0,55.375922650031214
39332,13.28,53.833930938168066,54.81604870580915,2,10,9,False,32.039493673311156,8.589067834021833,10.476909405861777,895.1487301010702,70.97019138772805,49.047619047619044,29.838291003369005,50.0,55.368167396263644
39333,13.32,55.69173544286222,55.24259816205642,2,11,9,False,31.944198693125262,8.57654821673048,10.47690940586212,882.3986975806538,71.05653466970104,50.63492063492063,29.41328991935513,60.0,55.36034263545655
39334,13.36,55.80194490384056,55.5390423601144,2,11,9,False,31.84904406845596,8.563916220237182,10.47690940586212,867.7584413049117,71.14275078069481,51.269841269841265,28.92528137683039,60.0,55.35244763764824
39335,13.4,55.79673328719085,55.846283605830145,2,11,9,False,31.754031061077868,8.551170664028334,10.476909405862095,853.853321411365,71.22883857746172,51.42857142857142,28.461777380378834,60.0,55.34448166501771
39336,13.44,57.37817462487199,56.16367318047765,2,11,9,False,31.65916094602335,8.538310354906713,10.476909405861807,673.1617280433293,71.31479690474174,61.26984126984127,22.438724268110978,60.0,55.33644397181669
39337,13.48,57.60611045218862,56.47708546922738,2,11,9,False,31.564435011724598,8.525334086887568,10.47690940586212,690.0330132989657,71.4006245951338,61.74603174603175,23.001100443298856,60.0,55.328333804304734
39338,13.52,57.52844660221416,56.78910088642504,2,11,9,False,31.469854560156858,8.512240641096618,10.476909405862095,685.4770088557416,71.48632046896594,61.42857142857143,22.849233628524722,60.0,55.320150400685385
39339,13.56,57.35760577192974,56.975098196832455,2,11,9,False,31.37542090698273,8.49902878567157,10.476909405861807,678.1688249221916,71.5718833341646,60.79365079365079,22.605627497406385,60.0,55.31189299104473
39340,13.6,57.535590754004424,57.02378189575641,2,11,9,False,31.281135381697645,8.485697275657564,10.47690940586212,669.2075283498598,71.65731198612278,61.58730158730159,22.30691761166199,60.0,55.303560797285975
39341,13.64,57.63026239697911,57.103256704132626,2,11,9,False,31.18699932777643,8.472244852909334,10.476909405862095,659.4669727751334,71.74260520756728,62.06349206349206,21.98223242583778,60.0,55.29515303306833
39342,13.68,57.60678797847102,57.18950074753585,2,11,9,False,31.093014102820952,8.45867024599304,10.476909405861807,649.9172193017366,71.82776176842492,62.06349206349206,21.663907310057887,60.0,55.28666890374565
39343,13.72,57.70188748437965,57.16075198421712,2,11,9,False,30.99918107870886,8.444972170088114,10.47690940586212,640.2833161613889,71.9127804256877,62.53968253968254,21.342777205379633,60.0,55.27810760630507
39344,13.76,56.06589866305714,57.12884518456133,2,10,9,False,30.90550164174341,8.43114932689069,10.476909405862095,639.9979920975002,71.9976599232772,61.904761904761905,21.333266403250008,50.0,55.26946832930668
39345,13.8,56.2759398299497,57.104032296157946,2,10,9,False,30.81197719280428,8.417200404521523,10.476909405861807,637.5008839700622,72.08239899190775,62.698412698412696,21.25002946566874,50.0,55.26075025282595
39346,13.84,56.755642604354996,57.09031571108938,2,10,9,False,30.718609147499528,8.403124077427826,10.47690940586212,641.3279412600714,72.16699634894891,64.44444444444444,21.37759804200238,50.0,55.25195254839239
39347,13.88,56.831661808029736,57.07658905993668,2,10,9,False,30.625398936318465,8.388919006295659,10.476909405862095,635.8578502454566,72.25145069828682,64.76190476190476,21.195261674848553,50.0,55.243074378934786
39348,13.92,57.03318946504718,57.05992787145027,2,10,9,False,30.532348004785586,8.374583837959122,10.476909405861807,631.6910244588344,72.33576073018484,65.55555555555556,21.056367481961143,50.0,55.23411489872445
39349,13.96,57.223228856319096,57.06704331651911,2,10,9,False,30.412269766098795,10.807041481811162,12.353815388383795,625.4989208852694,72.44455921255536,65.39682539682539,20.84996402950898,50.0,56.75440092613198
39350,14.0,57.23069194137347,57.205862598157296,2,10,9,False,30.292337531393905,10.79390112344015,12.35381538838395,620.7179480041432,72.55322540607966,65.39682539682539,20.69059826680477,50.0,56.746188202150094
39351,14.04,57.193006751107085,57.46428744239969,2,10,9,False,30.17255304171526,10.780604071077917,12.353815388383795,614.8547979882587,72.66175773326144,65.23809523809524,20.49515993294196,50.0,56.7378775444237
39352,14.08,57.370870940171926,57.71699925703323,2,10,9,False,30.05291806370294,10.767148021108923,12.35381538838395,620.3666013195307,72.77015459341294,65.71428571428571,20.678886710651025,50.0,56.72946751319308
39353,14.12,57.430328135142176,57.93238858471606,2,10,9,False,29.933434390017137,10.753530631722263,12.353815388383795,626.01778023312,72.87841436227063,65.71428571428571,20.867259341104,50.0,56.720956644826416
39354,14.16,57.69217331929718,58.148915894927626,2,10,9,False,29.814103839769775,10.739749522262585,12.353815388383795,632.4754114239495,72.98653539160398,66.5079365079365,21.082513714131647,50.0,56.712343451414114
39355,14.2,59.367718864037855,58.36502047622998,2,10,8,False,29.69492825896344,10.725802272570135,12.35381538838395,621.6846545884437,73.09451600881786,67.3015873015873,20.72282181961479,60.0,56.703626420356336
39356,14.24,59.1669967939659,58.27465259980669,2,10,8,False,29.575909520937685,10.711686422317932,12.353815388383795,615.0171419850085,73.20235451654808,66.5079365079365,20.500571399500284,60.0,56.694804013948705
39357,14.28,59.30848160555225,58.200316319922536,2,10,8,False,29.457049526822882,10.697399470332307,12.353815388383795,613.3107803003568,73.31004919225023,66.98412698412697,20.44369267667856,60.0,56.685874668957695
39358,14.32,59.34031453654889,58.137989047193344,2,10,8,False,29.33835020600163,10.68293887391281,12.35381538838395,605.5590490141585,73.41759828778162,67.14285714285714,20.185301633805285,60.0,56.67683679619551
39359,14.36,59.42998953056854,58.07639638466355,2,10,8,False,29.219813516577958,10.668302048130371,12.353815388383795,601.4513679568281,73.52500002897604,67.46031746031747,20.04837893189427,60.0,56.667688780081484
39360,14.4,59.62644444067538,58.021312408905125,2,10,8,False,29.101441445854267,10.653486365132174,12.353815388383795,594.9024491777272,73.6322526152118,68.25396825396825,19.830081639257575,60.0,56.65842897820761
39361,14.44,56.13881433923967,57.85028358271207,2,9,7,False,28.983236010816203,10.638489153425752,12.35381538838395,516.6283557812767,73.73935421897228,61.74603174603175,17.220945192709223,50.0,56.6490557208911
39362,14.48,56.338656582763576,57.55820518380755,2,9,7,False,28.865199258625577,10.623307697156363,12.353815388383795,518.7184990594542,73.84630298539933,62.38095238095238,17.29061663531514,50.0,56.639567310722725
39363,14.52,56.44507947835682,57.29834774900957,2,9,7,False,28.747333267121316,10.607939235383412,12.35381538838395,518.0105781769253,73.95309703183942,62.698412698412696,17.267019272564173,50.0,56.62996202211463
39364,14.56,56.631758989814394,57.222837622850705,2,9,7,False,28.62964014532872,10.592380961333525,12.353815388383795,517.4939214282786,74.05973444738217,63.33333333333333,17.24979738094262,50.0,56.620238100833454
39365,14.6,56.7693204260411,57.27945847937104,2,9,7,False,28.512122033976922,10.576630021661941,12.353815388383795,515.1032842823788,74.1662132923915,63.8095238095238,17.170109476079293,50.0,56.61039376353871
39366,14.64,55.639827404980494,57.330866428808854,2,9,8,False,28.394781106024798,10.560683515691203,12.35381538838395,559.3150549094207,74.27253159802922,64.28571428571429,18.643835163647356,40.0,56.600427197307
39367,14.68,55.86277807718358,57.24923282530631,2,9,8,False,28.277619567195362,10.544538494649203,12.353815388383795,558.1560227475493,74.37868736577067,65.07936507936508,18.60520075825164,40.0,56.59033655915575
39368,14.72,56.048707576390115,57.33522269333699,2,9,8,False,28.160639656518693,10.528191960900202,12.35381538838395,557.5429162820819,74.48467856691295,65.71428571428571,18.5847638760694,40.0,56.580119975562624
39369,14.76,58.402360091645946,57.407620567453314,2,10,8,False,28.04384364688359,10.511640867159215,12.353815388383795,555.5676111645043,74.59050314207495,69.04761904761905,18.518920372150145,50.0,56.56977554197451
39370,14.8,60.01976481479284,57.66316235813675,2,9,7,False,27.927233845597907,10.494882115711519,12.353815388383795,557.1504149936209,74.6961590006898,69.36507936507937,18.571680499787362,60.0,56.5593013223197
39371,14.84,60.04688492382226,57.59056744989952,2,9,7,False,27.810812594957767,10.477912557612648,12.353815388383875,556.5635148259098,74.80164402048896,69.36507936507937,18.55211716086366,60.0,56.548695348507906
39372,14.88,58.64684119864487,57.51206597795031,2,9,8,False,27.694582272825684,10.460728991887436,12.35381538838387,610.2407797409433,74.90695604697856,68.57142857142857,20.341359324698107,50.0,56.53795561992965
39373,14.92,57.1706927556078,57.53047767487271,2,8,8,False,27.578545293217616,10.443328164726182,12.35381538838403,609.0291458870743,75.01209289290738,68.57142857142857,20.300971529569143,40.0,56.52708010295386
39374,14.96,57.20743107215961,57.665205413888565,2,8,8,False,27.46270410689918,10.425706768659069,12.353815388383795,610.4096436845339,75.1170523377267,68.57142857142857,20.3469881228178,40.0,56.51606673041192
39375,15.0,59.51158096655798,57.78722177556111,2,10,9,False,27.347061201990883,10.407861441746888,12.353815388383795,612.9064827039474,75.22183212704189,77.61904761904762,20.43021609013158,40.0,56.504913401091805
39376,15.04,55.76062009096764,58.00616721574971,2,9,9,False,27.231619104582624,10.389788766743315,12.353815388383795,609.158251922323,75.32642997205568,68.57142857142857,20.30527506407743,30.0,56.49361797921457
39377,15.08,55.82730276265055,58.1003063176338,2,9,9,False,27.11638037935742,10.371485270268366,12.35381538838395,608.6366542644646,75.43084354900294,68.73015873015873,20.287888475482152,30.0,56.48217829391773
39378,15.12,55.8607677680492,58.18839501283316,2,9,10,False,27.00134763022444,10.35294742196811,12.353815388383795,625.2966388983832,75.53507049857723,68.41269841269842,20.843221296612775,30.0,56.47059213873007
39379,15.16,57.47951094537399,58.40135699985552,2,9,8,False,26.886523500961413,10.334171633672469,12.35381538838395,611.4090130415689,75.63910842534862,69.04761904761905,20.38030043471896,40.0,56.45885727104529
39380,15.2,57.512903916460644,58.93864087365181,2,9,8,False,26.771910675866415,10.315154258549804,12.353815388383795,612.2133947329748,75.7429548971732,69.04761904761905,20.407113157765828,40.0,56.44697141159363
39381,15.24,61.02970537390913,59.505441863254156,2,10,8,False,26.657511880419115,10.295891590257042,12.353815388383795,612.8903115825196,75.84660744459396,76.98412698412699,20.429677052750655,50.0,56.43493224391065
39382,15.28,61.14943403740199,60.020087861066635,2,10,8,False,26.54332988195149,10.27637986208628,12.353815388383795,615.121506372936,75.95006356023298,77.3015873015873,20.5040502124312,50.0,56.42273741380392
39383,15.32,61.10394926621462,60.8549962286765,2,10,8,False,26.42936749032802,10.25661524611234,12.353815388384104,616.0727262814526,76.05332069817527,76.98412698412699,20.535757542715086,50.0,56.41038452882021
39384,15.36,61.202385042913136,61.66253573433399,2,10,9,False,26.315627558635434,10.23659385233266,12.353815388383795,629.9519482444175,76.15637627334371,76.98412698412699,20.99839827481392,50.0,56.39787115770791
39385,15.4,63.61809924116325,62.461973355120485,2,10,8,False,26.202112983881936,10.216311727814862,12.353815388383795,632.7008198746644,76.25922766086556,80.47619047619048,21.09002732915548,60.0,56.38519482988429
39386,15.44,64.00904294738774,63.13972523026127,2,10,8,False,26.08882670770597,10.195764855836948,12.353815388383795,586.0685238476472,76.36187219543025,82.85714285714286,19.535617461588238,60.0,56.37235303489809
39387,15.48,65.68733294030773,63.817527261191806,2,11,8,False,25.975771717094503,10.174949155031996,12.353815388383795,608.0342103727307,76.46430717063856,83.01587301587303,20.267807012424356,70.0,56.359343221894996
39388,15.52,65.77952050228602,64.0403234557541,2,11,8,False,25.862951045110787,10.153860478534433,12.353815388384104,604.8607595174162,76.56652983834333,83.33333333333334,20.162025317247206,70.0,56.34616279908402
39389,15.56,65.51777683054044,64.25216060078695,2,11,8,False,25.750367771631616,10.132494613125367,12.353815388383795,602.3477365220042,76.66853740798122,82.22222222222221,20.078257884066804,70.0,56.332809133203355
39390,15.6,65.4540192174872,64.4772969703246,2,11,8,False,25.63802502409395,10.110847278390054,12.353815388383795,599.7677390357403,76.77032704589651,81.9047619047619,19.99225796785801,70.0,56.319279548993784
39391,15.64,65.61253344706337,64.67340663418766,2,11,8,False,25.525925978250964,10.088914125868662,12.353815388383795,601.978178025669,76.87189587465582,82.38095238095238,20.0659392675223,70.0,56.30557132866792
39392,15.68,65.64652828762712,64.35004999842023,2,11,8,False,25.414073858937364,10.066690738223976,12.353815388383795,603.1131287948101,76.97324097235492,82.38095238095238,20.103770959827003,70.0,56.291681711389984
39393,15.72,63.70325970865661,63.9842938663266,2,11,9,False,25.302471940843958,10.044172628406542,12.353815388384104,604.0526188241747,77.07435937191667,80.47619047619048,20.135087294139158,60.0,56.27760789275409
39394,15.76,63.691479777796154,63.48672726942158,2,11,8,False,25.191123549301345,10.02135523883517,12.353815388383484,596.0711373986796,77.17524806038114,80.47619047619048,19.869037913289322,60.0,56.26334702427198
39395,15.8,63.8055857006664,62.98030602041235,2,11,8,False,25.080032061072608,9.998233940586374,12.353815388384104,597.4134753735052,77.27590397818733,80.7936507936508,19.913782512450172,60.0,56.248896212866484
39396,15.84,63.55570100926997,62.49405330949759,2,11,8,False,24.969200905154963,9.974804032587983,12.353815388383795,621.2157248187023,77.37632401844678,79.2063492063492,20.707190827290077,60.0,56.23425252036749
39397,15.88,59.73781961195413,61.95324240878332,2,10,8,False,24.858633563590125,9.951060740835445,12.353815388383795,620.3277398641085,77.47650502620935,69.84126984126983,20.677591328803615,50.0,56.21941296302215
39398,15.92,59.61996936226413,61.46016740570396,2,10,8,False,24.74833357228328,9.926999217616128,12.353815388384104,622.9585489417914,77.57644379772121,69.2063492063492,20.76528496472638,50.0,56.20437451101008
39399,15.96,59.71653377744744,60.959573233398025,2,10,8,False,24.638304521830523,9.902614540748012,12.353815388383484,620.8740318794798,77.67613707967512,69.52380952380952,20.695801062649327,50.0,56.18913408796751
39400,16.0,59.7024655141753,60.61889836822299,2,10,8,False,24.528550058354476,9.87790171284427,12.353815388384104,620.4935833580676,77.77558156845323,69.36507936507937,20.683119445268918,50.0,56.173688570527666
39401,16.04,59.682744299563225,60.27781401194908,2,10,8,False,24.419073884347963,9.85285566058618,12.353815388383795,619.0039213974269,77.87477390936279,69.2063492063492,20.633464046580897,50.0,56.15803478786636
39402,16.08,58.96428840891586,59.92317323092439,2,10,9,False,24.309879759525437,9.82747123402735,12.353815388383795,580.9636051869347,77.97371069586461,66.98412698412697,19.36545350623116,50.0,56.14216952126709
39403,16.12,59.69563341011119,59.5878629493827,2,10,9,False,24.200971501681924,9.801743205916189,12.353815388383795,618.6197364026702,78.0723884687948,69.04761904761905,20.62065788008901,50.0,56.12608950369762
39404,16.16,59.63939821995585,59.71526936045765,2,10,9,False,24.092352987559206,9.775666271044585,12.353815388383795,617.8297419663486,78.17080371557999,68.73015873015873,20.594324732211618,50.0,56.10979141940287
39405,16.2,59.61516132655622,59.85427106324722,2,10,9,False,23.98402815371892,9.749235045625682,12.353815388384104,615.525507467557,78.26895286944628,68.57142857142857,20.517516915585233,50.0,56.093271903516055
39406,16.24,59.598467502509145,59.987564979212685,2,10,9,False,23.876000997422224,9.722444066702671,12.353815388383795,614.7528150989074,78.36683230862211,68.41269841269842,20.491760503296913,50.0,56.07652754168917
39407,16.28,59.54989632837023,60.12036052351457,2,10,9,False,23.768275577515684,9.695287791588605,12.353815388383795,615.5644134877166,78.46443835553565,68.0952380952381,20.518813782923885,50.0,56.059554869742875
39408,16.32,59.53197763076974,60.255523249370206,2,10,9,False,23.660856015323,9.66776059734169,12.353815388383795,614.5935815679823,78.56176727600686,67.93650793650794,20.48645271893274,50.0,56.04235037333856
39409,16.36,61.266696544853424,60.31814558382202,2,10,8,False,23.55374649554208,9.639856780282798,12.353815388383795,616.5551411263668,78.65881527843464,68.73015873015873,20.55183803754556,60.0,56.02491048767675
39410,16.4,61.287989795738966,60.318200500511544,2,10,8,False,23.446951267147107,9.611570555547502,12.353815388384104,615.5383639445681,78.75557851297954,68.73015873015873,20.517945464818936,60.0,56.007231597217185
39411,16.44,61.31606076903303,60.35268829306769,2,10,8,False,23.34047464429501,9.582896056688632,12.353815388383795,615.9017319912164,78.85205307074236,68.73015873015873,20.530057733040547,60.0,55.98931003543039
39412,16.48,61.29601204579795,60.678428353772794,2,9,8,False,23.234321007235863,9.553827335323284,12.353815388383795,614.6026190744878,78.94823498293938,68.57142857142857,20.486753969149596,60.0,55.97114208457705
39413,16.52,61.304697009830846,61.02301995506139,2,9,8,False,23.128494803226634,9.524358360830654,12.353815388383795,611.1390409247024,79.0441202200744,68.57142857142857,20.371301364156746,60.0,55.952723975519156
39414,16.56,59.715756422337655,61.369713499993566,2,9,9,False,23.023000547447708,9.494483020103281,12.353815388383795,611.9855416121945,79.13970469110826,68.0952380952381,20.39951805373982,50.0,55.93405188756455
39415,16.6,59.69629241038545,61.722705525234936,2,9,9,False,22.917842823921493,9.46419511735936,12.353815388384104,610.8803722436087,79.23498424262661,67.93650793650794,20.362679074786957,50.0,55.9151219483496
39416,16.64,60.0532517306296,61.9425357893611,2,9,9,False,22.813026286432464,9.433488374012597,12.353815388383875,589.8481755058237,79.32995465800626,69.68253968253968,19.661605850194125,50.0,55.89593023375787
39417,16.68,63.524042055017496,62.1627559433738,2,11,9,False,22.708555659447914,9.40235642860955,12.353815388383715,590.0216555563456,79.42461165658085,77.46031746031747,19.667388518544854,60.0,55.87647276788097
39418,16.72,63.733566717972394,62.382105182825775,2,11,9,False,22.604435739038596,9.370792836838575,12.353815388383875,587.1755116369332,79.51895089280683,78.25396825396825,19.57251705456444,60.0,55.85674552302411
39419,16.76,63.71021886755629,62.59456149923661,2,11,9,False,22.500671393798527,9.338791071606245,12.353815388383715,585.4014588309401,79.61296795542995,78.0952380952381,19.513381961031335,60.0,55.836744419753906
39420,16.8,63.76788193366605,62.81280956036437,2,11,9,False,22.39726756576296,9.306344523201062,12.353815388384184,583.9845122255629,79.70665836665357,78.25396825396825,19.46615040751876,60.0,55.816465327000664
39421,16.84,63.904659714367455,63.17580614021469,2,11,9,False,22.29422927132374,9.273446499529747,12.353815388383484,582.5458296208171,79.80001758130923,78.73015873015873,19.418194320693903,60.0,55.79590406220609
39422,16.88,63.93063164389137,62.994448559522766,2,11,9,False,22.191561602140915,9.24009022645425,12.353815388384104,582.784241362473,79.89304098603077,78.73015873015873,19.4261413787491,60.0,55.77505639153391
39423,16.92,63.94825164245672,62.78468705095258,2,11,9,False,22.08926972604976,9.206268848203898,12.353815388383795,581.3814171736394,79.98572389843241,78.73015873015873,19.379380572454647,60.0,55.75391803012744
39424,16.96,63.845487842727955,62.28510193618803,2,11,9,False,21.987358887961925,9.171975427905217,12.353815388383795,579.7409225964166,80.07806156629232,78.25396825396825,19.32469741988055,60.0,55.73248464244076
39425,17.0,63.923673743364105,61.76851888776134,2,11,9,False,21.88583441075972,9.137202948198393,12.353815388384104,574.6378148181338,80.17004916674233,78.57142857142857,19.15459382727113,60.0,55.71075184262399
39426,17.04,64.07171538054145,61.25246526985194,2,11,9,False,21.78470169618227,9.101944311970449,12.353815388383484,575.5997595499939,80.26168180546497,79.04761904761905,19.186658651666463,60.0,55.68871519498153
39427,17.08,57.52000144208231,61.15232746364058,2,9,9,False,21.68396622570224,9.066192343202886,12.353815388384104,574.7366729322202,80.35295451589917,64.76190476190476,19.157889097740675,40.0,55.666370214501804
39428,17.12,57.5361136277873,60.72893124046761,2,9,9,False,21.58363356139185,9.02993978793507,12.353815388383795,573.1843809311085,80.44386225845554,64.76190476190476,19.106146031036953,40.0,55.64371236745942
39429,17.16,57.52902067784299,60.304986112974156,2,9,9,False,21.483709346776738,8.993179315360003,12.353815388383795,574.9592980623038,80.53439991974275,64.60317460317461,19.16530993541013,40.0,55.6207370721
39430,17.2,57.53457013685212,59.879300685943925,2,9,9,False,21.38419930767622,8.955903519046693,12.353815388384104,571.3583675211949,80.62456231180623,64.60317460317461,19.045278917373164,40.0,55.597439699404184
39431,17.24,57.51757545264339,59.45633291886543,2,9,9,False,21.28510925302838,8.918104918305474,12.353815388383484,571.2177508054019,80.71434417138045,64.44444444444444,19.0405916935134,40.0,55.57381557394092
39432,17.28,62.56622825912989,59.0285289345606,2,11,9,False,21.186445075698398,8.87977595969847,12.353815388384104,569.9540144608018,80.8037401591567,78.57142857142857,18.998467148693393,50.0,55.54985997481155
39433,17.32,58.82390503629179,58.89967628646668,2,10,9,False,21.088212753268397,8.840909018700032,12.353815388383795,569.2587954232167,80.89274485906734,69.52380952380952,18.975293180773892,40.0,55.52556813668752
39434,17.36,58.8432901139699,59.314639619692436,2,10,9,False,20.99041834880704,8.80149640152215,12.353815388383795,568.5583224196525,80.98135277758851,69.52380952380952,18.951944080655085,40.0,55.50093525095134
39435,17.4,58.84002651809394,59.71560294425288,2,10,9,False,20.893068011617032,8.761530347100717,12.353815388384104,563.3626328364035,81.06955834306285,69.52380952380952,18.778754427880116,40.0,55.475956466937944
39436,17.44,58.76987463778599,59.98607112462983,2,10,8,False,20.79616797795861,8.721003029257943,12.353815388383484,552.7607982020036,81.15735590504399,69.36507936507937,18.425359940066784,40.0,55.45062689328621
39437,17.48,58.79002593170606,60.42104542349827,2,10,8,False,20.699724571746927,8.679906559051531,12.353815388384104,552.31858608515,81.24473973366463,69.36507936507937,18.410619536171666,40.0,55.424941599407205
39438,17.52,62.525483603414536,60.85417505622973,2,11,8,False,20.603744205221346,8.638232987302246,12.353815388383795,550.529198330767,81.33170401903017,78.25396825396825,18.350973277692233,50.0,55.3988956170639
39439,17.56,62.49956144079133,60.86340657379586,2,11,8,False,20.508233379584343,8.595974307330287,12.353815388383795,548.8812928955304,81.4182428706398,78.0952380952381,18.29604309651768,50.0,55.37248394208143
39440,17.6,62.34767352251261,61.20391175134619,2,11,8,False,20.413198685607775,8.553122457891185,12.353815388383795,545.8867663909587,81.50435031683718,77.46031746031747,18.196225546365287,50.0,55.34570153618199
39441,17.64,60.77463884236635,61.557930769871795,2,11,9,False,20.31864680420418,8.509669326323355,12.353815388383795,542.827393204283,81.59002030429278,77.14285714285715,18.094246440142765,40.0,55.318543328952096
39442,17.68,62.75426172327347,61.74099723309249,2,11,8,False,20.224584506960607,8.465606751921726,12.353815388384104,539.226463823994,81.67524669752028,79.04761904761905,17.9742154607998,50.0,55.29100421995108
39443,17.72,62.71513104542092,61.927838274480514,2,11,8,False,20.1310186566324,8.420926529538697,12.353815388383795,535.0879955051441,81.76002327842907,78.88888888888889,17.836266516838137,50.0,55.26307908096169
39444,17.76,62.677006469923384,62.11559797676514,2,11,8,False,20.03795620759434,8.375620413425224,12.353815388383795,531.1898499700837,81.84434374591557,78.73015873015873,17.706328332336124,50.0,55.234762758390765
39445,17.8,62.90996716689571,61.98580605780677,2,11,8,False,19.945404206246412,8.329680121313636,12.353815388383795,525.9928440477979,81.9282017154955,79.68253968253968,17.533094801593265,50.0,55.206050075821025
39446,17.84,63.09151833627726,61.85801894447102,2,11,8,False,19.85336979137123,8.283097338766474,12.353815388383795,526.4271331417585,82.01159071898012,80.31746031746032,17.547571104725286,50.0,55.176935836729044
39447,17.88,61.03682407674232,61.742691984276426,2,11,9,False,19.761860194440395,8.235863723775054,12.353815388384104,522.5102135138641,82.09450420419854,78.0952380952381,17.4170071171288,40.0,55.14741482735941
39448,17.92,61.01196713444228,61.761139313215004,2,11,9,False,19.67088273986656,8.18797091164516,12.353815388383795,521.4274433835435,82.17693553476948,77.93650793650794,17.38091477945145,40.0,55.11748181977823
39449,17.96,61.04314235912148,61.741683661666535,2,11,9,False,19.580444845198205,8.139410520151955,12.353815388383795,515.7199404140647,82.25887798992464,78.0952380952381,17.190664680468824,40.0,55.08713157509497
39450,18.0,60.96798057591412,61.71630192783707,2,11,9,False,19.490554021253836,8.090174154993228,12.353815388383795,512.5969750245804,82.34032476438719,77.77777777777779,17.08656583415268,40.0,55.056358846870765
39451,18.04,60.96611608076229,61.66967539444635,2,11,9,False,19.401217872192344,8.040253415534231,12.353815388383795,508.3034376238211,82.42126896830801,77.77777777777779,16.943447920794036,40.0,55.025158384708895
39452,18.08,60.96375000017751,61.17475587365053,2,11,9,False,19.312444095516067,7.9896399008649155,12.353815388384104,503.95314536961996,82.50170362726293,77.77777777777779,16.798438178987332,40.0,54.99352493804057
39453,18.12,60.99600678962933,60.6736967086577,2,11,9,False,19.224240482003125,7.938325216164763,12.353815388383484,498.6350623585404,82.58162168231398,77.93650793650794,16.621168745284677,40.0,54.96145326010298
39454,18.16,62.52079390469179,60.36606582105378,2,11,8,False,19.136614915565353,7.886300979399508,12.353815388384104,499.8042813409311,82.66101599013818,77.93650793650794,16.66014271136437,50.0,54.92893811212469
39455,18.2,62.410550239467405,60.0608527066202,2,11,8,False,19.049575373028272,7.8335588283372815,12.353815388383795,497.82218745267164,82.73987932322687,77.46031746031747,16.594072915089058,50.0,54.8959742677108
39456,18.24,62.11748806923462,59.75511051480988,2,11,8,False,18.963129923829257,7.780090427911368,12.353815388383795,506.94135452673436,82.81820437015917,76.03174603174602,16.898045150891143,50.0,54.8625565174446
39457,18.28,56.97093291734601,59.464421539096776,2,9,8,False,18.87728672963009,7.7258874779250775,12.353815388384104,510.487804021559,82.89598373595307,67.3015873015873,17.016260134051965,30.0,54.82867967370317
39458,18.32,57.07880835636326,59.292760358125314,2,9,8,False,18.79205404384003,7.670941721105464,12.353815388383484,512.5865364996916,82.97320994249755,67.61904761904762,17.086217883323055,30.0,54.794338575690915
39459,18.36,57.34525342549532,59.113838523981435,2,10,9,False,18.70744021104536,7.615244951520275,12.353815388384104,514.7008879424675,83.04987542906939,68.57142857142857,17.156696264748916,30.0,54.75952809470017
39460,18.4,57.34940976123921,58.926457719289,2,10,9,False,18.623453666341415,7.558789023354926,12.353815388383795,512.0248763121999,83.12597255293849,68.57142857142857,17.06749587707333,30.0,54.72424313959683
39461,18.44,57.37423605739768,58.508995163850635,2,10,9,False,18.540102934562977,7.501565860059429,12.353815388383795,513.5318076280855,83.20149359006514,68.57142857142857,17.11772692093618,30.0,54.68847866253714
39462,18.48,57.479712867356824,58.08027359129307,2,10,9,False,18.457396629408823,7.44356746387389,12.353815388384104,515.3453949256946,83.27643073589317,68.88888888888889,17.178179830856486,30.0,54.65222966492118
39463,18.52,58.9061819091048,57.67610152458482,2,10,8,False,18.375343452456338,7.384785925723634,12.353815388383564,489.34412695811716,83.35077610624289,69.04761904761905,16.311470898603904,40.0,54.61549120357727
39464,18.56,58.81668799045096,57.54128375976393,2,10,8,False,18.29395219206184,7.325213435504736,12.353815388384024,484.0106053681002,83.42452173830736,68.73015873015873,16.13368684560334,40.0,54.57825839719046
39465,18.6,58.747437133319984,57.39742981987493,2,10,8,False,18.213231722142414,7.264842292748455,12.353815388383875,482.77713753467106,83.49765959175619,68.41269841269842,16.0925712511557,40.0,54.54052643296778
39466,18.64,57.511243239431536,57.259282437087336,2,10,8,False,18.133191000834955,7.203664917671269,12.353815388383715,597.4134821273838,83.57018154995053,61.111111111111114,19.913782737579456,40.0,54.50229057354454
39467,18.68,57.2658913687766,57.29507249269556,2,10,8,False,18.05383906902809,7.1416738626178855,12.353815388384184,592.8106156183349,83.64207942127321,60.15873015873016,19.760353853944494,40.0,54.463546164136176
39468,18.72,57.267423268735726,57.329129665887415,2,10,8,False,17.975185048762775,7.0788618238783485,12.353815388383405,590.0187901782447,83.7133449405779,60.15873015873016,19.667293005941488,40.0,54.424288639923965
39469,18.76,55.353119739495206,57.35832019352293,2,9,8,False,17.897238141497162,7.015221653905144,12.353815388384184,591.4154350077224,83.78396977076127,58.41269841269842,19.713847833590748,30.0,54.384513533690715
39470,18.8,55.352561077695235,57.266660341783734,2,9,8,False,17.820007626231625,6.950746373898333,12.353815388383715,588.3140701258199,83.85394550446188,58.41269841269842,19.610469004193995,30.0,54.34421648368646
39471,18.84,55.68748483204418,57.182936212147446,2,10,9,False,17.74350285748961,6.8854291867814155,12.353815388383875,604.7453809493436,83.92326366588954,59.36507936507937,20.15817936497812,30.0,54.303393241738384
39472,18.88,57.77889042853803,57.103595894624675,2,10,8,False,17.667733263150286,6.819263490539136,12.353815388383795,553.4813175720137,83.99191571278915,62.698412698412696,18.449377252400456,40.0,54.26203968158696
39473,18.92,57.782922135699835,57.12510868910741,2,10,8,False,17.59270834212881,6.752242891932916,12.353815388383795,551.4656556830396,84.05989303854253,62.698412698412696,18.382188522767986,40.0,54.22015180745807
39474,18.96,57.82999919898303,57.17117955708887,2,10,8,False,17.518437661900286,6.684361220567041,12.353815388384104,550.1797055891202,84.12718697441186,62.857142857142854,18.33932351963734,40.0,54.1777257628544
39475,19.0,57.80626368823448,57.56841039682743,2,10,8,False,17.444930855863564,6.6156125433049695,12.353815388383795,550.6620400236025,84.19378879192818,62.698412698412696,18.35540133412008,40.0,54.13475783956561
39476,19.04,57.81199843481554,58.13613280685713,2,10,8,False,17.372197620541023,6.545991179028725,12.353815388383795,541.2238271734568,84.25968970542868,62.857142857142854,18.040794239115225,40.0,54.091244486892954
39477,19.08,57.79535332304679,58.83690751317935,2,10,8,False,17.300247712610886,6.47549171371228,12.353815388383795,535.3051996353788,84.32488087474552,62.857142857142854,17.843506654512627,40.0,54.047182321070174
39478,19.12,57.76939677322416,59.33580314059028,2,10,8,False,17.229090945768483,6.404109015816282,12.353815388383795,535.5204711946571,84.38935340804974,62.698412698412696,17.850682373155237,40.0,54.00256813488517
39479,19.16,57.81874178455434,59.79170323676431,2,10,8,False,17.15873718741333,6.3318382519638305,12.353815388384104,534.9833449382222,84.45309836485302,62.857142857142854,17.832778164607408,40.0,53.9573989074774
39480,19.2,62.03419334559838,60.09668877153041,2,11,8,False,17.08919635515893,6.25867490289604,12.353815388383795,535.9824266004944,84.51610675916997,73.65079365079366,17.866080886683143,50.0,53.911671814310026
39481,19.24,62.16578865985159,59.859279848419,2,11,8,False,17.02047841316247,6.184614779681468,12.353815388383795,536.1448247314638,84.57836956284368,74.12698412698413,17.87149415771546,50.0,53.865384237300916
39482,19.28,63.76185755356191,60.59353043070083,2,12,8,True,16.95259336827196,6.1096540401458554,12.353815388383795,537.2006126952256,84.63987770903665,74.44444444444444,17.906687089840855,60.0,53.81853377509116
39483,19.32,61.67423236097534,61.14272460779019,2,12,9,True,16.88555126598843,6.033789205517692,12.353815388383795,584.1200432826972,84.70062209588932,71.11111111111111,19.470668109423244,50.0,53.771118253448556
39484,19.36,63.24969158262631,61.50573178518916,2,12,8,True,16.96494723314826,-7.1456370443846495,13.210526153488344,588.73763410213,84.62868432575047,76.34920634920634,19.62458780340433,60.0,45.5339768472596
39485,19.4,61.442748552892986,61.96153541405397,2,11,8,False,17.054194193647078,-8.032226444893737,8.070674025009462,588.5069227039203,84.54782093231096,75.55555555555556,19.616897423464007,50.0,44.97985847194141
39486,19.44,54.981092121646164,62.40884387119778,2,11,7,False,23.415010435189807,-572.4734617388456,576.1251040524998,429.46474897664484,78.78451892783414,80.7936507936508,14.315491632554828,60.0,0.0
39487,19.48,66.61727067561642,62.51038437849391,2,11,6,False,23.235973177445054,16.11335319702775,17.10929569256393,327.38162480496976,78.94673801218646,87.14285714285714,10.912720826832325,70.0,60.07084574814235
39488,19.52,64.40232855988796,62.84803497071042,2,11,6,False,23.315502154493558,-7.157607934365373,7.505209737534544,325.04722000376205,78.87467972667206,87.14285714285714,10.834907333458736,70.0,45.52649504102164
39489,19.56,62.151439451834364,63.05508115635777,2,11,7,False,23.395087208190347,-7.162654832711013,7.507956255789282,322.14771626452966,78.80257063216601,84.28571428571429,10.738257208817656,60.0,45.52334072955561
39490,19.6,63.23904031960188,63.42848366030278,2,11,6,False,23.530782488942474,-12.21257526769147,12.274555804467235,309.98477686821207,78.67962212149386,84.92063492063492,10.332825895607069,70.0,42.36714045769283
39491,19.64,63.18644327028001,63.31981938535137,2,11,6,False,23.666485686947542,-12.213287820456102,12.274555804467528,306.85606842043126,78.5566664372896,84.92063492063492,10.228535614014374,70.0,42.366695112214934
39492,19.68,63.25267943315201,63.28257532376083,2,11,6,False,23.802196666789904,-12.213988185812532,12.274555804467235,303.6846731382175,78.43370370224834,85.39682539682539,10.122822437940583,70.0,42.36625738386717
39493,19.72,66.21759576644972,63.32780901506516,2,11,4,False,23.937915296117094,-12.214676639447113,12.274555804467235,200.88442508631852,78.31073403628979,87.46031746031746,6.696147502877284,90.0,42.36582710034556
39494,19.76,66.24641178133011,62.246077214048285,2,11,4,False,24.07364144555389,-12.215353449311586,12.274555804467528,198.16589115356146,78.18775755663609,87.77777777777777,6.605529705118715,90.0,42.36540409418026
39495,19.8,66.1550624083154,61.34316011790427,2,11,4,False,24.20937498861926,-12.21601887588335,12.274555804467235,195.2239919602889,78.06477437788706,87.61904761904762,6.507466398676296,90.0,42.3649882025729
39496,19.84,61.94572028320956,60.32705332047556,2,10,5,False,24.43537906857083,-20.34036719564117,20.48141826513693,229.084648875516,77.8600003807233,85.39682539682539,7.6361549625172,70.0,37.28727050272427
39497,19.88,60.995819813806435,59.635581436183884,2,10,5,False,24.66141197328081,-20.342961423898345,20.481418265136803,241.9173941040317,77.6552002665045,81.58730158730158,8.063913136801057,70.0,37.28564911006353
39498,19.92,55.52389641729812,58.93644569701484,2,10,7,False,24.88747291737291,-20.345484968289078,20.48141826513693,410.66321323373995,77.45037474683127,68.57142857142857,13.688773774458,50.0,37.28407189481933
39499,19.96,53.63648906341388,58.06525354405145,2,8,5,False,25.113561143653552,-20.347940365257706,20.48141826513693,332.8203827953839,77.24552450776889,56.82539682539682,11.09401275984613,60.0,37.282537271713935
39500,20.0,53.56732340615976,57.123571494209564,2,8,5,False,25.339675921863016,-20.35033003885175,20.481418265136803,331.3245155318473,77.0406502109789,56.82539682539682,11.044150517728243,60.0,37.28104372571765
39501,20.04,49.958157882689896,56.18040147272679,2,8,7,False,25.565816547492208,-20.35265630662728,20.48141826513693,412.3050818061238,76.83575249479111,53.01587301587302,13.743502726870794,40.0,37.27958980835795
39502,20.08,54.941377708101705,55.21891683138671,2,8,5,False,25.75651966390218,-17.163280476897356,19.828186708090158,251.57908757314362,76.66296340431441,63.17460317460317,8.385969585771454,60.0,39.272949701939154
39503,20.12,54.796814400251485,54.59045189659408,2,8,5,False,25.94769181359821,-17.205493472642992,19.82818670809037,249.72377940510341,76.4897493400018,62.857142857142854,8.324125980170113,60.0,39.24656657959813
39504,20.16,52.79837359759127,54.0302905701231,2,9,6,False,26.139322705638374,-17.246780283614633,19.828186708090158,256.4656246511113,76.31611962609783,60.952380952380956,8.548854155037043,50.0,39.22076232274085
39505,20.2,54.91741116834725,53.74017300277296,2,9,5,False,26.331402324317455,-17.287165681117287,19.828186708090158,208.93285978375752,76.1420833374652,64.60317460317461,6.964428659458584,60.0,39.195521449301694
39506,20.24,54.928371523536704,53.75193852802848,2,9,5,False,26.523920920938103,-17.326673695858297,19.82818670809037,206.4587320505052,75.96764930704055,64.92063492063492,6.88195773501684,60.0,39.17082894008856
39507,20.28,54.617246712234426,53.75351574233435,2,9,5,False,26.7168690058327,-17.365327640513613,19.828186708090158,203.0669693100226,75.79282613306324,63.96825396825396,6.768898977000753,60.0,39.14667022467899
39508,20.32,54.404141065697935,53.7952889901544,2,9,4,False,27.203258491285514,-43.77505369075333,44.8065881628418,191.59399201667838,75.35212648226076,67.77777777777779,6.386466400555946,70.0,22.640591443279167
39509,20.36,54.27388389615476,53.8731657231636,2,9,4,False,27.69005537748747,-43.811719758176224,44.80658816284224,192.69417377182617,74.91105770060068,67.77777777777779,6.423139125727539,70.0,22.61767515113986
39510,20.4,52.042485609096374,53.971017658782245,2,9,5,False,28.177238549380593,-43.84648547038097,44.8065881628418,240.21816698699695,74.46963891966165,64.44444444444444,8.007272232899897,60.0,22.595946581011894
39511,20.44,53.77767536648018,54.07636224615695,2,9,4,False,28.664788311181166,-43.87947856205152,44.8065881628418,219.1416997699871,74.02788798506997,66.34920634920634,7.304723325666236,70.0,22.5753258987178
39512,20.48,53.58624997783024,54.00644033624527,2,9,4,False,29.152686270337234,-43.91081632404617,44.80658816284224,215.90469841961385,73.58582156164152,66.19047619047619,7.1968232806537955,70.0,22.55573979747114
39513,20.52,50.45943685653041,53.93615237282529,2,9,5,False,29.640915232569004,-43.94060660085923,44.8065881628418,352.56325676010965,73.14345522848183,63.49206349206349,11.75210855867032,50.0,22.53712087446298
39514,20.56,55.875898504212245,54.010266263940416,2,9,5,False,29.544525701578557,8.67505778914019,14.811638895011606,326.6114606679985,73.230790242743,59.84126984126984,10.887048688933282,60.0,55.42191111821262
39515,20.6,55.971037627675166,54.09892238396506,2,9,5,False,29.44874039898332,8.620677233571499,14.811638895011917,325.57865219837913,73.31757778784468,60.15873015873016,10.85262173994597,60.0,55.387923270982185
39516,20.64,54.062508646087615,54.218933366062,2,10,6,False,29.3535652398609,8.565764321017753,14.811638895011694,319.093469365871,73.40381250435235,58.57142857142858,10.636448978862365,50.0,55.353602700636095
39517,20.68,54.07834824940714,54.53474002058666,2,10,6,False,29.25900617832755,8.510315538001443,14.811638895011917,318.16046512488174,73.48948899745984,58.57142857142858,10.605348837496058,50.0,55.3189472112509
39518,20.72,54.08491596249698,54.35242263353437,2,10,6,False,29.1650692069234,8.454327426373602,14.811638895011606,315.4170144306627,73.57460183754665,58.57142857142858,10.51390048102209,50.0,55.283954641483504
39519,20.76,55.50661340561584,54.19758864674674,2,11,6,False,29.071760355961157,8.397796586601736,14.811638895011917,310.0295471925965,73.6591455607679,64.28571428571429,10.334318239753216,50.0,55.248622866626086
39520,20.8,55.46801450599383,54.30417826712417,2,11,6,False,28.979085692837515,8.340719681127773,14.811638895011694,306.27832064772156,73.7431146696782,64.12698412698413,10.209277354924053,50.0,55.212949800704855
39521,20.84,55.714015681317925,53.92971237117581,2,11,6,False,28.88705132130635,8.283093437805,14.811638895011917,303.9366623030637,73.82650363389041,65.07936507936508,10.131222076768791,50.0,55.17693339862812
39522,20.88,55.83216546339235,53.54470637534441,2,11,6,False,28.795663380713002,8.224914653401179,14.811638895011606,299.87975170327445,73.9093068907691,65.55555555555556,9.995991723442483,50.0,55.140571658375734
39523,20.92,51.589866721852715,53.19187036159054,2,10,6,False,28.872557551717094,-6.920475390368281,7.387311255452466,293.54457975530386,73.83963590625203,60.476190476190474,9.784819325176795,40.0,45.674702881019826
39524,20.96,51.72824213637868,53.48078993705848,2,10,6,False,28.949480207384703,-6.923039010084793,7.387311255452146,293.70350638962555,73.76993911282742,61.111111111111114,9.790116879654184,40.0,45.673100618697006
39525,21.0,51.738512301059565,53.80101388598252,2,10,6,False,29.026431121255065,-6.925582248332631,7.387311255452466,284.1155529985972,73.70021671568301,61.42857142857143,9.470518433286573,40.0,45.67151109479211
39526,21.04,51.38230775283186,54.01537145893056,2,9,6,False,29.103410069179755,-6.928105313222126,7.387311255452466,288.53539011459725,73.6304689179115,60.0,9.617846337153242,40.0,45.66993417923618
39527,21.08,51.350965677698355,54.436476855469486,2,9,6,False,29.18041682929436,-6.930608410314285,7.387311255452146,286.5002880008997,73.56069592053606,60.0,9.55000960002999,40.0,45.668369743553576
39528,21.12,49.8284764810412,54.855379356079055,2,9,7,False,29.25745118199055,-6.933091742657247,7.387311255452466,286.23689103091783,73.49089792253577,60.0,9.541229701030595,30.0,45.66681766083923
39529,21.16,57.545383155022456,55.34549842921714,2,9,7,False,28.44668773462726,72.96871026269604,72.97277664046956,279.44675115942664,74.2255009080501,60.15873015873016,9.31489170531422,30.0,95.60544391418503
39530,21.2,57.92760334958544,56.21055954565065,2,9,7,False,27.63592693837219,72.96847166295639,72.97277664046926,272.1366891280504,74.96010149149262,60.952380952380956,9.071222970935015,30.0,95.60529478934775
39531,21.24,58.0789042809924,57.098307339611296,2,10,7,False,26.825169033605693,72.96821142898473,72.97277664046956,266.2623849186639,75.69469945506356,60.79365079365079,8.87541283062213,30.0,95.60513214311544
39532,21.28,60.521279264460816,57.88231388163382,2,10,6,False,26.014414290673734,72.9679268638763,72.97277664046948,212.2543128705056,76.42929455381233,64.76190476190476,7.075143762350186,40.0,95.60495428992269
39533,21.32,60.740845688632824,58.57960434828345,2,10,6,False,25.20366301470724,72.96761483698461,72.97277664046926,212.0979307616053,77.163886511271,64.76190476190476,7.069931025386844,40.0,95.60475927311538
39534,21.36,61.71359434104934,59.30330880974545,2,11,6,False,24.39291555140248,72.96727169742816,72.97277664046956,211.78513414118606,77.8984750142169,67.77777777777779,7.059504471372868,40.0,95.60454481089259
39535,21.4,61.97060011905485,60.1745300510318,2,11,6,False,23.582172293993704,72.96689316678997,72.97277664046926,211.1817977269675,78.6330597063549,67.93650793650794,7.0393932575655835,40.0,95.60430822924374
39536,21.44,62.38121566390636,60.42678039156422,2,11,6,False,22.771433691715043,72.96647420507952,72.97277664046956,209.5553940890677,79.36764018065045,68.73015873015873,6.985179802968923,40.0,95.6040463781747
39537,21.48,61.14659080532992,60.67136710172222,2,11,7,False,21.96070026013664,72.96600884205621,72.97277664046956,250.31063231766166,80.10221596996439,68.0952380952381,8.343687743922056,30.0,95.60375552628514
39538,21.52,59.74979335262749,61.0999063498463,2,10,6,False,21.149972593877653,72.96548996330888,72.97277664046926,125.2993352322028,80.83678653553413,64.12698412698413,4.176644507740093,30.0,95.60343122706804
39539,21.56,60.035419215242335,61.22598346672794,2,10,6,False,20.33925138235933,72.96490903664915,72.97277664046956,122.48850122704971,81.57135125270041,64.44444444444444,4.082950040901657,30.0,95.60306814790572
39540,21.6,60.283131376477456,61.34741053692863,2,10,6,False,19.52853742948139,72.96425575901459,72.97277664046948,120.03318607048641,82.30590939307918,64.60317460317461,4.001106202349547,30.0,95.60265984938411
39541,21.64,60.57238724141142,61.65484678409035,2,10,6,False,18.717831678410963,72.96351759633833,72.97277664046926,117.95214119311277,83.04046010210136,64.92063492063492,3.931738039770426,30.0,95.60219849771146
39542,21.68,60.86264387148154,62.06946173021066,2,10,6,False,17.90713524310391,72.96267917763491,72.97277664046956,116.07363558374163,83.77500237045248,65.23809523809524,3.869121186124721,30.0,95.60167448602182
39543,21.72,63.2213752584813,62.471322867215285,2,10,6,False,17.09644944879266,72.96172148801226,72.97277664046956,227.8928961749698,84.50953499738806,65.55555555555556,7.596429872498993,40.0,95.60107593000765
39544,21.76,62.03420466704047,63.026981250504626,2,10,7,False,16.285775884564156,72.96062078056548,72.97277664046942,222.59859959950336,85.24405654309479,66.03174603174602,7.4199533199834455,30.0,95.60038798785342
39545,21.8,62.19797053104108,62.82463746186258,2,10,7,False,15.475116472459902,72.95934708938287,72.97277664046932,219.24163866660456,85.97856526608147,65.87301587301587,7.308054622220152,30.0,95.59959193086429
39546,21.84,65.40282930699004,62.714069755162804,2,10,8,False,14.664473559489537,72.9578621673329,72.97277664046968,254.26684781643053,86.71305903980884,71.11111111111111,8.475561593881018,40.0,95.59866385458307
39547,21.88,66.94597947249852,62.58038797101625,2,10,7,False,13.853850041939802,72.95611657947609,72.97277664046932,234.73405454851854,87.44753524005785,70.7936507936508,7.824468484950618,50.0,95.59757286217256
39548,21.92,67.20354930796185,62.42716373521116,2,10,7,False,13.04324953602295,72.95404553251672,72.97277664046942,234.2830248199516,88.18199059031136,70.95238095238095,7.809434160665053,50.0,95.59627845782295
39549,21.96,67.81449140480203,62.24484783930254,2,11,7,False,12.232676616349751,72.95156277058787,72.97277664046956,233.08709528680265,88.91642094568256,72.53968253968253,7.7695698428934215,50.0,95.59472673161743
39550,22.0,57.32166788892293,61.91131161400495,2,11,6,False,12.590249416669973,-32.18155202881997,32.18159449784067,109.33429370773592,88.59243736266804,72.85714285714285,3.6444764569245307,50.0,29.88652998198752
39551,22.04,58.70860673484508,61.374595990234724,2,11,5,False,12.947822243053396,-32.181554374508096,32.18159449784077,106.16112327158226,88.26845375603862,72.85714285714285,3.538704109052742,60.0,29.886528515932444
39552,22.08,58.67894996671874,60.81293278941632,2,11,5,False,13.305395093398733,-32.1815565310803,32.18159449784067,103.79581190945464,87.9444701276982,73.17460317460316,3.4598603969818216,60.0,29.886527168074817
39553,22.12,58.73369641175025,59.84142305948067,2,11,5,False,13.662967965824665,-32.18155851833386,32.18159449784077,102.43812533153869,87.62048647935134,73.80952380952381,3.4146041777179557,60.0,29.88652592604134
39554,22.16,58.67485312057823,58.87005307097271,2,11,5,False,14.020540858641795,-32.181560353541684,32.18159449784082,102.1720135801279,87.29650281252877,73.96825396825398,3.4057337860042636,60.0,29.88652477903645
39555,22.2,59.218940554910134,57.86897416633201,2,11,6,False,14.37811377032878,-32.181562051828635,32.181594497840614,214.5555374515643,86.97251912860892,74.28571428571429,7.151851248385476,60.0,29.886523717607105
39556,22.24,55.59361718179777,56.82466639684079,2,11,6,False,14.735686699511946,-32.18156362648504,32.18159449784082,196.23150164183608,86.64853542883644,72.53968253968253,6.541050054727869,40.0,29.886522733446853
39557,22.28,55.45801212122031,56.645659785629555,2,11,6,False,15.093259644947794,-32.181565089226325,32.18159449784077,196.48604775915737,86.32455171433799,72.38095238095238,6.549534925305246,40.0,29.886521819233547
39558,22.32,53.74471254776223,56.336008740751794,2,11,7,False,15.45083260550793,-32.18156645041221,32.18159449784067,205.01121402792978,86.00056798613596,71.74603174603175,6.833707134264326,30.0,29.88652096849237
39559,22.36,55.289539610402834,56.02265833514618,2,11,6,False,15.808405580166061,-32.18156771923182,32.18159449784067,193.7331351224202,85.67658424516027,72.53968253968253,6.457771170747341,40.0,29.886520175480115
39560,22.4,55.19060245227361,55.699016398972596,2,11,6,False,16.16597856798669,-32.1815689038567,32.18159449784077,193.3847508823983,85.35260049225852,72.53968253968253,6.446158362746609,40.0,29.886519435089564
39561,22.44,55.28279817090742,55.699552495701745,2,11,6,False,16.523551568115305,-32.18157001157525,32.18159449784067,191.58040153955517,85.02861672820497,73.33333333333333,6.3860133846518385,40.0,29.886518742765467
39562,22.48,55.17358855438807,55.64891852035934,2,11,6,False,16.881124579769782,-32.18157104890292,32.18159449784077,189.17752415538234,84.70463295370824,73.33333333333333,6.305917471846079,40.0,29.886518094435676
39563,22.52,54.99279419631192,55.64769582742402,2,11,6,False,17.238697602232904,-32.181572021680935,32.18159449784082,188.3307137101583,84.3806491694182,73.01587301587301,6.277690457005276,40.0,29.886517486449414
39564,22.56,54.91874509945139,55.64951958177867,2,11,6,False,17.596270634845737,-32.18157293515503,32.181594497840614,185.02343113836287,84.0566653759319,73.17460317460316,6.167447704612095,40.0,29.886516915528105
39565,22.6,54.84999317766735,55.788576252677736,2,11,6,False,17.953843677001856,-32.181573794050706,32.18159449784082,182.77558307732943,83.73268157379876,73.33333333333333,6.09251943591098,40.0,29.88651637871831
39566,22.64,58.681286281327914,55.79613532953555,2,11,6,False,18.31141672814219,-32.18157460263015,32.181594497840514,193.87007298353456,83.40869776352535,76.82539682539684,6.4623357661178185,60.0,29.886515873356156
39567,22.68,58.61133285080131,55.69116068563386,2,11,6,False,18.668989787750515,-32.18157536474916,32.18159449784092,191.3819223081955,83.08471394557941,76.98412698412699,6.3793974102731825,60.0,29.886515397031776
39568,22.72,55.57894486657397,55.96270700467121,2,10,6,False,19.026562855349397,-32.18157608389934,32.18159449784082,190.05765417223301,82.7607301203935,71.26984126984127,6.335255139074433,50.0,29.886514947562915
39569,22.76,55.479897173476004,56.10760241404096,2,10,6,False,19.38413593049664,-32.18157676325191,32.181594497840614,189.68715821201113,82.43674628836834,71.26984126984127,6.322905273733705,50.0,29.886514522967556
39570,22.8,55.41339259855105,56.25276365453081,2,10,6,False,19.741709012782085,-32.181577405690014,32.181594497840514,187.88877764579775,82.11276244987549,71.42857142857143,6.262959254859925,50.0,29.886514121443742
39571,22.84,55.38024853269669,56.49052334177777,2,10,6,False,20.09928210182476,-32.181578013840664,32.18159449784092,184.8259906816529,81.78877860526016,71.74603174603175,6.160866356055097,50.0,29.886513741349585
39572,22.88,53.930906725453234,56.72197490631302,2,10,6,False,20.456855197270325,-32.18157859010098,32.18159449784082,182.65063931681652,81.46479475484341,72.38095238095238,6.088354643893884,40.0,29.886513381186887
39573,22.92,58.54135399935557,56.62260032990022,2,12,7,True,20.814428298788794,-32.18157913666218,32.181594497840514,181.32199284331546,81.14081089892422,85.23809523809524,6.044066428110515,50.0,29.886513039586138
39574,22.96,56.9123334668251,57.01867024520084,2,11,6,False,21.17200140607247,-32.18157965553097,32.181594497840614,160.67121344886618,80.81682703778141,79.52380952380952,5.355707114962207,50.0,29.886512715293144
39575,23.0,56.73472908219017,57.65981779600526,2,11,6,False,21.529574518834107,-32.181580148547155,32.18159449784082,160.46239360532127,80.4928431716752,79.2063492063492,5.348746453510709,50.0,29.88651240715803
39576,23.04,57.771861346414866,58.30441810750353,2,11,5,False,21.887147636805214,-32.18158061739963,32.18159449784092,150.81995098288644,80.16885930084888,77.93650793650794,5.027331699429547,60.0,29.88651211412523
39577,23.08,57.627411952090306,58.82570773673576,2,11,5,False,22.244720759734577,-32.181581063642675,32.18159449784082,149.30562094066772,79.84487542553008,77.77777777777779,4.976854031355591,60.0,29.886511835223327
39578,23.12,57.48879136437443,59.31798154555735,2,11,5,False,22.602293887386868,-32.18158148870618,32.181594497840614,148.9570520798261,79.52089154593199,77.61904761904762,4.965235069327536,60.0,29.88651156955864
39579,23.16,63.36417183440869,59.90619449854515,2,12,5,True,22.959867019541427,-32.18158189391037,32.181594497840514,148.2340914668057,79.19690766225457,89.52380952380953,4.941136382226857,80.0,29.88651131630602
39580,23.2,63.272715476226956,60.416248833881866,2,12,5,True,23.317440155991132,-32.18158228047347,32.18159449784092,149.38186033266356,78.87292377468547,89.52380952380953,4.979395344422119,80.0,29.88651107470408
39581,23.24,63.215100911455316,61.063497541163876,2,12,5,True,23.675013296541366,-32.18158264952098,32.18159449784082,149.36147983853516,78.54893988340105,89.68253968253968,4.978715994617839,80.0,29.886510844049386
39582,23.28,61.668868149337804,61.71723164729857,2,12,6,True,24.032586441009094,-32.18158300209559,32.181594497840514,151.61745977933424,78.22495598856712,89.84126984126985,5.053915325977807,70.0,29.886510623690256
39583,23.32,61.287534238555736,62.28236584318148,2,12,6,True,24.390159589222023,-32.181583339163566,32.181594497840614,150.34527339214037,77.90097209033979,88.73015873015872,5.011509113071345,70.0,29.88651041302277
39584,23.36,60.989462161306854,62.83118765971022,2,12,6,True,24.747732741017813,-32.18158366162115,32.18159449784082,149.85243775940035,77.57698818886618,87.93650793650794,4.995081258646678,70.0,29.886510211486783
39585,23.4,64.66200602339622,63.40287012694808,2,13,6,True,25.105305896243372,-32.18158397030031,32.18159449784092,151.41929785892535,77.25300428428497,96.98412698412699,5.047309928630845,80.0,29.886510018562305
39586,23.44,64.67931795420913,63.48017392929268,2,13,6,True,25.462879054754204,-32.181584265974834,32.181594497840514,150.51120020935377,76.9290203767271,97.46031746031746,5.017040006978459,80.0,29.88650983376573
39587,23.48,64.57953835580649,63.559539714152294,2,13,6,True,25.820452216413823,-32.181584549365745,32.18159449784082,149.9943204670617,76.60503646631622,97.46031746031746,4.99981068223539,80.0,29.88650965664641
39588,23.52,64.5534716970098,63.63220693084111,2,13,6,True,26.178025381093203,-32.181584821144185,32.181594497840614,148.34701271936865,76.28105255316926,97.77777777777777,4.944900423978955,80.0,29.886509486784885
39589,23.56,64.21327375043519,63.94390920790497,2,12,6,True,26.535598548670265,-32.18158508193557,32.18159449784092,147.3655108596795,75.95706863739682,96.82539682539682,4.912183695322649,80.0,29.886509323790268
39590,23.6,64.34898097122884,64.03296573640633,2,12,6,True,26.893171719029425,-32.1815853323244,32.18159449784082,146.3269471917447,75.6330847191036,97.77777777777777,4.877564906391489,80.0,29.88650916729725
39591,23.64,64.2918174625439,64.26404134253696,2,12,6,True,27.250744892061164,-32.18158557285648,32.181594497840514,146.3967772711112,75.30910079838887,97.93650793650794,4.879892575703707,80.0,29.886509016964702
39592,23.68,64.22510489454223,64.18085055460524,2,10,6,False,27.608318067661642,-32.18158580404307,32.181594497840614,144.55679545154635,74.9851168753467,98.09523809523809,4.818559848384878,80.0,29.886508872473083
39593,23.72,64.08710751172117,64.08774334910974,2,10,6,False,27.965891245732333,-32.18158602636219,32.18159449784082,144.3328665091467,74.66113295006636,97.93650793650794,4.81109555030489,80.0,29.88650873352363
39594,23.76,65.40929547410416,63.99464892006544,2,11,5,False,28.323464426179672,-32.18158624026053,32.18159449784092,136.14600657887058,74.33714902263263,97.77777777777777,4.538200219295686,90.0,29.88650859983717
39595,23.8,62.35621258057193,64.02355667462396,2,10,6,False,28.681037608914767,-32.18158644615855,32.181594497840514,137.03195956689888,74.01316509312605,97.93650793650794,4.567731985563296,70.0,29.886508471150908
39596,23.84,63.762369434874394,63.94794749144623,2,10,5,False,29.03861079385311,-32.18158664445081,32.181594497840514,137.70237003554575,73.68918116162317,97.93650793650794,4.590079001184859,80.0,29.886508347218243
39597,23.88,63.6637165682157,63.859498486322984,2,11,5,False,29.396183980914305,-32.18158683550758,32.18159449784092,137.4108362916977,73.36519722819688,97.93650793650794,4.580361209723257,80.0,29.886508227807763
39598,23.92,63.56203148826316,63.76800750338159,2,11,5,False,29.75375717002181,-32.18158701967546,32.18159449784092,136.5128598711617,73.04121329291647,97.93650793650794,4.550428662372057,80.0,29.886508112702835
39599,23.96,63.46240520727474,63.52233544879807,2,11,5,False,30.111330361102723,-32.18158719728219,32.181594497840514,136.02664322770943,72.71722935584806,97.93650793650794,4.534221440923647,80.0,29.88650800169863
39600,24.0,64.90036475171217,63.2770426151173,2,13,5,True,30.46890355408757,-32.18158736863632,32.18159449784082,135.1210837191884,72.39324541705454,98.09523809523809,4.504036123972947,90.0,29.8865078946023
39601,24.04,63.305963552302366,62.914118606249566,2,13,6,True,30.826476748910096,-32.18158753402722,32.181594497840614,135.6798833658204,72.06926147659598,98.09523809523809,4.5226627788606795,80.0,29.886507791232987
39602,24.08,63.28759290974987,62.79708918420321,2,13,6,True,31.184049945507088,-32.181587693729234,32.18159449784082,135.5717785006982,71.74527753452963,98.4126984126984,4.519059283356606,80.0,29.88650769141923
39603,24.12,63.19392566724719,62.55463882077853,2,13,6,True,31.541623143818196,-32.18158784799975,32.18159449784092,136.2773695099022,71.4212935909102,98.4126984126984,4.5425789836634065,80.0,29.886507595000154
39604,24.16,61.277040239539986,62.33852159675516,2,12,6,True,31.89919634378577,-32.18158799708178,32.181594497840514,135.83138696303013,71.09730964578989,97.14285714285714,4.527712898767671,70.0,29.88650750182389
39605,24.2,61.1435935075521,62.12232867795095,2,12,6,True,32.256769545354736,-32.18158814120681,32.18159449784082,136.51758799857998,70.77332569921863,96.98412698412699,4.550586266619333,70.0,29.886507411745743
39606,24.24,61.054207367691184,61.90625905775554,2,12,6,True,32.61434274847241,-32.181588280590674,32.181594497840614,138.07939951831486,70.44934175124413,96.98412698412699,4.602646650610495,70.0,29.886507324630827
39607,24.28,60.95185951601568,61.561963011778154,2,12,6,True,32.97191595308841,-32.181588415440245,32.18159449784092,137.0488686715671,70.12535780191207,96.98412698412699,4.56829562238557,70.0,29.886507240349847
39608,24.32,60.85296507377814,61.21611187916267,2,12,6,True,33.32948915915451,-32.18158854594897,32.181594497840514,136.70901970985506,69.8013738512661,96.98412698412699,4.556967323661835,70.0,29.886507158781896
39609,24.36,61.07030987993532,60.862536940079714,2,13,6,True,33.687062366624545,-32.18158867230294,32.18159449784082,136.124956933445,69.47738989934811,98.25396825396825,4.537498564448166,70.0,29.886507079810663
39610,24.4,60.967716462612614,60.50790211633659,2,13,6,True,34.044635575454265,-32.18158879467481,32.181594497840614,135.04531295237393,69.15340594619815,98.25396825396825,4.501510431745798,70.0,29.886507003328244
39611,24.44,60.86956976492989,60.445970446876395,2,13,6,True,34.40220878560128,-32.181588913231494,32.18159449784082,134.8550128993793,68.82942199185462,98.25396825396825,4.495167096645977,70.0,29.886506929230315
39612,24.48,60.768812199983515,60.388628940291085,2,13,6,True,34.75978199702494,-32.181589028129025,32.18159449784092,134.14253939444643,68.50543803635438,98.25396825396825,4.471417979814881,70.0,29.88650685741936
39613,24.52,59.15574996091651,60.32645468832032,2,13,6,True,35.11735520968623,-32.181589139516404,32.18159449784082,130.9691310668568,68.18145407973276,98.25396825396825,4.365637702228559,60.0,29.886506787802247
39614,24.56,59.04469364075441,60.264583140562216,2,13,6,True,35.474928423547745,-32.18158924753624,32.18159449784082,128.19690652235386,67.85747012202367,98.25396825396825,4.273230217411795,60.0,29.88650672028985
39615,24.6,58.93830778232967,60.2055028047443,2,13,6,True,35.83250163857354,-32.18158935232154,32.181594497840315,126.35877432797042,67.53348616325967,98.25396825396825,4.2119591442656805,60.0,29.88650665479904
39616,24.64,60.53386020601771,60.122717712132335,2,13,5,True,36.19007485472912,-32.18158945400212,32.18159449784082,133.16226681331682,67.20950220347201,98.88888888888889,4.438742227110561,70.0,29.886506591248676
39617,24.68,60.455495428528394,60.04087573405295,2,13,5,True,36.54764807198131,-32.181589552696934,32.181594497840315,136.9283508128574,66.88551824269075,98.88888888888889,4.564278360428579,70.0,29.886506529564414
39618,24.72,60.308116344041956,59.959008360620345,2,13,5,True,36.905221290298236,-32.18158964852364,32.18159449784082,134.82808135358573,66.56153428094478,98.73015873015873,4.494269378452858,70.0,29.886506469672725
39619,24.76,60.209400942918464,59.87803789289335,2,13,4,True,37.262794509649254,-32.181589741591594,32.18159449784082,126.58753269838053,66.23755031826184,98.88888888888889,4.219584423279351,70.0,29.886506411505252
39620,24.8,60.1440010439631,59.92315765230341,2,13,4,True,37.62036773000488,-32.18158983200631,32.18159449784092,125.01008448166613,65.91356635466867,99.04761904761905,4.167002816055537,70.0,29.886506354996058
39621,24.84,60.076888768591786,59.96723715805424,2,13,4,True,37.97794095133673,-32.18158991986627,32.18159449784092,123.09016098692882,65.589582390191,99.20634920634922,4.103005366230961,70.0,29.886506300083582
39622,24.88,59.985612725660125,60.00137596965164,2,12,4,True,38.33551417361748,-32.181590005268035,32.18159449784082,124.2739919221276,65.26559842485354,99.20634920634922,4.142466397404253,70.0,29.886506246707476
39623,24.92,59.88716128373855,59.89445247945863,2,12,4,True,38.693087396820836,-32.181590088301775,32.181594497840216,124.02274306509935,64.94161445868014,99.20634920634922,4.134091435503311,70.0,29.88650619481139
39624,24.96,59.79716658725954,59.78577848548709,2,12,4,True,39.050660620921455,-32.18159016905574,32.18159449784092,125.46284330261551,64.61763049169377,99.20634920634922,4.18209477675385,70.0,29.886506144340164
39625,25.0,59.69718707383719,59.671176285439635,2,12,4,True,39.408233845894905,-32.1815902476105,32.18159449784082,124.90598015768046,64.29364652391656,99.20634920634922,4.163532671922682,70.0,29.886506095243437
39626,25.04,59.5736477097644,59.553788971934075,2,12,4,True,39.76580707171764,-32.181590324046,32.181594497840315,119.63714688909022,63.96966255536986,99.20634920634922,3.9879048963030073,70.0,29.88650604747125
39627,25.08,59.347973521498425,59.424340461246565,2,12,5,True,40.12338029836696,-32.18159039843897,32.18159449784082,133.62388847104376,63.6456785860742,98.4126984126984,4.454129615701459,70.0,29.886506000975643
39628,25.12,59.25077832370155,59.297953510614036,2,12,5,True,40.48095352582096,-32.18159047085976,32.18159449784082,133.62388847104376,63.32169461604946,98.4126984126984,4.454129615701459,70.0,29.88650595571265
39629,25.16,59.151407500869894,59.2869986460112,2,12,5,True,40.8385267540585,-32.18159054137871,32.18159449784092,133.18876347102196,62.99771064531478,98.4126984126984,4.439625449034065,70.0,29.886505911638306
39630,25.2,58.93288994347256,59.27535576821156,2,13,5,True,41.19609998305918,-32.18159061006105,32.18159449784092,132.7338153744422,62.67372667388864,97.93650793650794,4.4244605124814065,70.0,29.886505868711843
39631,25.24,58.80075318085176,59.26057639834408,2,13,5,True,41.5536732128033,-32.18159067697073,32.18159449784082,133.6820103673308,62.3497427017889,97.77777777777777,4.45606701224436,70.0,29.886505826893295
39632,25.28,58.590618915713065,60.10582999907675,2,13,5,True,41.91124644327182,-32.18159074216722,32.181594497840216,134.9037207369147,62.02575872903282,97.3015873015873,4.4967906912304905,70.0,29.88650578614549
39633,25.32,58.5602453610014,61.0491112007534,2,13,6,True,42.26881967444637,-32.18159080570935,32.18159449784092,140.33154145323715,61.70177475563702,97.46031746031746,4.677718048441239,70.0,29.88650574643166
39634,25.36,59.854154350426036,62.11768115575776,2,12,6,True,42.62639290630918,-32.18159086765276,32.181594497840216,142.36190275029003,61.37779078161761,96.98412698412699,4.745396758343001,80.0,29.886505707717028
39635,25.4,59.7474467501429,63.279446431716885,2,12,6,True,42.983966138843066,-32.181590928049886,32.18159449784092,140.45942230375476,61.053806806990174,96.98412698412699,4.681980743458492,80.0,29.88650566996882
39636,25.44,59.61981414884973,64.66188911049346,2,12,6,True,43.34153937203143,-32.18159098695253,32.18159449784082,142.30844959928072,60.72982283176973,96.82539682539682,4.74361498664269,80.0,29.88650563315467
39637,25.48,69.84023028262922,66.13647314309577,2,12,6,True,38.90390703282788,399.38691052831916,425.48114146456993,141.7403035431671,64.75059852854729,96.82539682539682,4.724676784772237,70.0,100.0
39638,25.52,70.89302212988427,67.69023483738013,2,12,7,True,34.54328780819417,392.4557302170338,425.48114146456993,154.92139616490022,68.70159547041088,96.03174603174604,5.164046538830007,70.0,100.0
39639,25.56,72.1708129815507,69.30241219411754,2,13,7,True,30.29295769118319,382.5297105309884,425.48114146457027,155.60596078916933,72.5526635020691,96.5079365079365,5.186865359638978,70.0,100.0
39640,25.6,73.19196163521113,70.47496380379143,2,13,7,True,26.20663354303928,367.7691733329518,425.48114146456993,153.56061262496223,76.25513174822423,96.19047619047619,5.118687087498741,70.0,100.0
39641,25.64,75.74071964618884,71.2068520071635,2,13,6,True,22.374355868666832,344.9049906935204,425.48114146456993,139.10203500138232,79.72741781399269,96.5079365079365,4.636734500046077,80.0,100.0
39642,25.68,76.62789833470022,71.93501812123216,2,13,6,True,18.9508776133349,308.11304297987397,425.48114146457027,138.36100515476573,82.82930573874933,96.34920634920636,4.612033505158858,80.0,100.0
39643,25.72,77.44589351226412,72.54229958840936,2,13,6,True,16.19751607477849,247.80253847007674,425.48114146456993,136.40383818800183,85.32402551552484,96.66666666666667,4.546794606266728,80.0,100.0
39644,25.76,77.93674719656184,72.3007213435199,2,13,6,True,14.501141147133039,152.67374348809074,425.48114146456993,134.41668561294136,86.8610485404931,96.82539682539682,4.4805561870980455,80.0,100.0
39645,25.8,72.63086467708798,72.09571600427113,2,13,6,True,14.244524037141426,23.095539899245132,425.48114146456993,134.1846361760654,87.09355987995588,96.66666666666667,4.472821205868847,80.0,64.43471243702821
39646,25.84,68.63681279089118,71.91367879491341,2,11,6,False,14.259269755529159,-1.3271146548959578,3.4060414182895626,133.78320474431894,87.08019932604041,95.87301587301587,4.459440158143964,70.0,49.170553340690034
39647,25.88,68.48544011896664,71.6513910970983,2,11,6,False,14.27410057939949,-1.334774148329867,3.406041418289516,136.2045774993967,87.06676166117255,95.23809523809523,4.540152583313223,70.0,49.16576615729383
39648,25.92,66.90719175497625,71.17493895745993,2,11,6,False,14.289016243754942,-1.3424097919905797,3.4060414182890453,137.38196103592236,87.05324712545676,94.92063492063491,4.5793987011974115,60.0,49.16099388000589
39649,25.96,66.9412913439557,70.62635507315154,2,11,6,False,14.304016483190589,-1.350021549208229,3.406041418289516,137.22356130853586,87.03965595936671,95.07936507936508,4.574118710284529,60.0,49.15623653174485
39650,26.0,68.43295805889895,70.01445181617696,2,11,6,False,14.319101031911854,-1.357609384913907,3.4060414182895626,136.5192295549241,87.0259884037291,95.07936507936508,4.5506409851641365,70.0,49.151494134428816
39651,26.04,69.98636646925812,69.21545510138425,2,12,6,True,14.334269623752224,-1.3651732656332705,3.406041418289516,140.23084869502782,87.01224469970764,95.23809523809523,4.674361623167593,80.0,49.14676670897921
39652,26.08,70.04450926142974,68.86067360841555,2,12,6,True,14.349521992190818,-1.372713159473431,3.4060414182895626,136.95694092107078,86.9984250887871,95.55555555555556,4.565231364035693,80.0,49.14205427532911
39653,26.12,70.02329397052847,68.85096784846358,2,12,6,True,14.364857870369814,-1.3802290361096858,3.4060414182889986,133.68852198951936,86.98452981275756,95.55555555555556,4.456284066317312,80.0,49.137356852431445
39654,26.16,70.04489172299955,68.85634015252936,2,13,6,True,14.380276991111783,-1.3877208667772045,3.4060414182895626,131.05027831577536,86.97055911369867,95.71428571428572,4.368342610525845,80.0,49.13267445826425
39655,26.2,70.10305442856902,68.98934660101595,2,12,5,True,14.395779086936834,-1.395188624254562,3.406041418289516,127.79257679342845,86.95651323396415,96.03174603174604,4.2597525597809485,80.0,49.1280071098409
39656,26.24,68.34878661904933,68.42836061613959,2,12,5,True,14.411363890079677,-1.4026322828559046,3.4060414182895626,117.60837223867566,86.94239241616629,95.23809523809523,3.9202790746225222,70.0,49.12335482321506
39657,26.28,68.3734867614638,67.49670282475948,2,12,5,True,14.427031132506526,-1.4100518184164024,3.406041418289516,115.60273985715685,86.92819690316065,95.3968253968254,3.8534246619052284,70.0,49.11871761348975
39658,26.32,68.52034367146737,66.08723136847902,2,12,5,True,14.44278054593187,-1.4174472082808975,3.4060414182890453,114.22295157958433,86.9139269380309,96.03174603174604,3.8074317193194775,70.0,49.11409549482445
39659,26.36,68.54990776775605,65.21470364154351,2,12,5,True,14.458611861835124,-1.4248184312928736,3.4060414182895626,113.19812376972368,86.89958276407366,96.19047619047619,3.7732707923241224,70.0,49.109488480441954
39660,26.4,68.50326913681538,63.873659481469396,2,13,6,True,14.474524811477101,-1.4321654677779883,3.406041418289516,112.80975080959251,86.88516462478364,96.03174603174604,3.760325026986417,70.0,49.10489658263876
39661,26.44,60.209459525439314,62.531821157457294,2,13,6,True,17.48074743279624,-270.5600359187224,1123.604403836296,114.43392489712642,84.16133670688265,95.55555555555556,3.814464163237547,70.0,0.0
39662,26.48,57.2530645623376,61.70196367434563,2,13,6,True,28.103498627201503,-956.0476074964738,1267.0216285754468,116.52103325353528,74.53645195515371,95.23809523809523,3.884034441784509,70.0,0.0
39663,26.52,53.07270899389263,61.02360820494369,2,13,6,True,42.783502652389636,-1321.200362266932,1449.2969254287345,118.19321193665746,61.23543941032745,94.44444444444444,3.9397737312219157,70.0,0.0
39664,26.56,59.57417653820352,60.38185354993383,2,13,5,True,42.85475129086143,-6.412377462461407,11.300476733225958,42.59214470881125,61.1708836355137,94.44444444444444,1.419738156960375,70.0,45.99226408596162
39665,26.6,53.93076404963914,59.724788051049394,2,13,5,True,43.405990122433124,-49.611494841452526,139.1699669842208,45.92402562472489,60.67142637369346,94.6031746031746,1.5308008541574964,60.0,18.99281572409217
39666,26.64,53.94283183485436,59.06533655558136,2,13,5,True,44.12550400952449,-64.756249838223,245.2690787419812,47.607721645475976,60.01950126373039,95.07936507936508,1.5869240548491992,70.0,9.527343851110626
39667,26.68,60.14476463122905,58.403492609531305,2,13,5,True,44.13603556738235,-0.9478402072073777,7.984482185317902,44.540088188929076,60.00995900591197,96.03174603174604,1.484669606297636,70.0,49.40759987049539
39668,26.72,60.20852098622606,58.43267603286056,2,13,5,True,44.14674289615899,-0.9636595898975742,7.984482185317587,42.29704778433734,60.00025748851896,96.34920634920636,1.4099015928112446,70.0,49.397712756314014
39669,26.76,60.67243090134544,58.71361040648845,2,13,6,True,44.15762586799176,-0.9794674649494084,7.984482185317902,120.09405225937371,59.990396827403046,96.66666666666667,4.003135075312457,70.0,49.38783283440662
39670,26.8,60.635557684854184,59.34208107363538,2,13,6,True,44.1686843530476,-0.9952636550256955,7.984482185317587,121.55327669367216,59.98037714020119,96.5079365079365,4.051775889789072,70.0,49.37796021560894
39671,26.84,60.63648982213959,59.43659269610581,2,13,6,True,44.179918219530634,-1.0110479834728636,7.98448218531802,122.64637594148189,59.97019854632877,96.5079365079365,4.088212531382729,70.0,49.36809501032946
39672,26.88,60.56114178421488,59.99772393018395,2,13,6,True,44.19132733368986,-1.0268202743305466,7.984482185317587,124.36575744450238,59.95986116697269,96.19047619047619,4.145525248150079,70.0,49.35823732854341
39673,26.92,60.55966060539033,60.5718753318358,2,11,6,False,44.20291155982692,-1.0425803523354205,7.984482185317902,124.9947856554918,59.94936512508423,96.19047619047619,4.16649285518306,70.0,49.34838727979036
39674,26.96,60.624277045872205,60.62314278712756,2,11,6,False,44.21467076030402,-1.05832804293847,7.984482185317587,122.97960186039563,59.93871054537194,96.5079365079365,4.099320062013188,70.0,49.33854497316346
39675,27.0,60.614356999655826,60.66825462339949,2,11,6,False,44.22660479555187,-1.0740631723069072,7.984482185317902,121.93940575742818,59.92789755429444,96.5079365079365,4.064646858580939,70.0,49.32871051730818
39676,27.04,60.7083160078488,60.675133248371175,2,10,4,False,44.23871352407783,-1.089785567336321,7.984482185317902,70.25570732873894,59.916926280053005,97.93650793650794,2.3418569109579646,70.0,49.3188840204148
39677,27.08,60.664338858576635,60.68493733200884,2,10,4,False,44.25099680247405,-1.105495055659631,7.984482185317587,70.35910396500185,59.90579685258424,97.77777777777777,2.3453034655000615,70.0,49.30906559021273
39678,27.12,60.83264865467647,60.69189711866148,2,11,5,False,44.26345448542574,-1.1211914656522026,7.984482185317902,97.05610987772525,59.8945094035525,97.93650793650794,3.2352036625908416,70.0,49.29925533396737
39679,27.16,60.759974094730396,60.7044058305684,2,11,5,False,44.27608642571958,-1.1368746264459162,7.984482185317587,99.37499325901445,59.883064066342406,97.61904761904762,3.3124997753004815,70.0,49.289453358471306
39680,27.2,60.7498630214892,61.37903368781653,2,11,5,False,44.288892474252165,-1.1525443679323644,7.98448218531802,98.34277168112749,59.87146097605106,97.61904761904762,3.2780923893709164,70.0,49.27965977004227
39681,27.24,60.75497440100572,62.234162757011696,2,13,5,True,44.30187248003855,-1.1682005207743629,7.984482185317587,100.36424284446002,59.85970026948038,97.61904761904762,3.345474761482001,70.0,49.269874674516025
39682,27.28,60.753206688506054,63.11277179529075,2,13,5,True,44.3150262902209,-1.183842916411706,7.984482185317902,101.01908632379491,59.84778208512924,97.61904761904762,3.36730287745983,70.0,49.26009817724268
39683,27.32,60.720007261971325,64.01268648982413,2,13,5,True,44.32835375007726,-1.199471387072677,7.984482185317587,103.33327409487538,59.83570656318551,97.46031746031746,3.4444424698291796,70.0,49.25033038307958
39684,27.36,60.71124632709784,64.93914740887733,2,13,5,True,44.34185470303035,-1.2150857657778857,7.984482185317902,102.60781978094201,59.82347384551814,97.46031746031746,3.420260659364734,70.0,49.24057139638882
39685,27.4,68.65519489236786,65.88172601853684,2,13,5,True,43.179096354449925,104.64825137223826,108.8866177400231,105.40271638709237,60.87700648451013,97.46031746031746,3.513423879569746,70.0,100.0
39686,27.44,70.88582587621423,66.8522508712433,2,13,5,True,42.01899720180268,104.40892373825235,108.88661774002362,117.0329473750644,61.9281297237223,98.88888888888889,3.9010982458354797,80.0,100.0
39687,27.48,71.15766545900438,67.84951838476788,2,13,5,True,40.861783735898605,104.14921193136642,108.8866177400231,116.426854403986,62.97663834814924,98.73015873015873,3.880895146799533,80.0,100.0
39688,27.52,71.50729234224951,68.87136540462814,2,13,5,True,39.707708252801616,103.866793478729,108.8866177400231,115.67579830989962,64.02230376159265,98.88888888888889,3.855859943663321,80.0,100.0
39689,27.56,71.7818698872151,69.9202061492292,2,13,5,True,38.557052528375216,103.55901519837602,108.88661774002362,115.97380149765377,65.06487065729047,98.73015873015873,3.8657933832551254,80.0,100.0
39690,27.6,72.14359197059052,70.99721595282456,2,13,5,True,37.41013211735797,103.22283699155236,108.8866177400231,118.03076231271916,66.10405312268234,98.88888888888889,3.9343587437573055,80.0,100.0
39691,27.64,72.4062723272079,71.95090093548758,2,13,5,True,36.267301399145836,102.85476463909184,108.8866177400231,116.37472487694322,67.1395300676117,98.73015873015873,3.879157495898107,80.0,100.0
39692,27.68,72.71707318378407,72.26744119682671,2,13,5,True,35.12895951904651,102.45076920893929,108.8866177400231,116.65030977847891,68.17093984117328,98.73015873015873,3.88834365928263,80.0,100.0
39693,27.72,73.01713863932885,72.42287598589157,2,13,5,True,33.9955574065369,102.00619012586465,108.88661774002362,115.04735899416482,69.19787387272778,98.73015873015873,3.8349119664721605,80.0,100.0
39694,27.76,73.33929562371881,72.57969448801784,2,13,5,True,32.86760609243545,101.51561826913067,108.8866177400231,118.15904007477548,70.21986913601752,98.73015873015873,3.9386346691591827,80.0,100.0
39695,27.8,73.64412490511572,72.72592731412833,2,13,5,True,31.745686596605037,100.97275462473736,108.8866177400231,118.1330930982931,71.23639919028189,98.73015873015873,3.937769769943104,80.0,100.0
39696,27.84,72.15546611905397,72.87062787552759,2,13,5,True,30.63046171882253,100.37023900042553,108.88661774002337,99.45601716639067,72.24686349698342,97.93650793650794,3.3152005722130222,70.0,100.0
39697,27.88,72.45367802843742,72.99028189065173,2,13,5,True,29.52269014000336,99.69944209372547,108.88661774002318,98.8757302697195,73.25057464320615,97.93650793650794,3.295857675657317,70.0,100.0
39698,27.92,72.75104334499251,73.11486406280743,2,13,5,True,28.42324333134884,98.95021277890677,108.88661774002328,98.57869091922112,74.2467430208981,97.93650793650794,3.2859563639740372,70.0,100.0
39699,27.96,73.0394874845195,73.24244655852252,2,13,5,True,27.33312587721163,98.11057087234897,108.88661774002318,97.00459529434738,75.23445841306928,97.93650793650794,3.2334865098115793,70.0,100.0
39700,28.0,73.26208625557561,73.3740335844942,2,13,5,True,26.253499944615783,97.16633393362613,108.88661774002354,106.64130872776332,76.21266782285812,97.46031746031746,3.5547102909254438,70.0,100.0
39701,28.04,73.5182766240062,72.85839449750934,2,13,5,True,25.185714777238335,96.1006650639703,108.88661774002291,115.70354265130845,77.18014875011792,97.14285714285714,3.856784755043615,70.0,100.0
39702,28.08,73.57944015208024,72.33621928865185,2,13,5,True,24.131342248513178,94.89352758526412,108.88661774002354,126.17211014543864,78.1354769780551,96.03174603174604,4.205737004847954,70.0,100.0
39703,28.12,73.90125839307626,71.95832597346966,2,13,5,True,23.092219663024345,93.521032693995,108.88661774002291,126.10860154393595,79.07698779245844,96.19047619047619,4.203620051464531,70.0,100.0
39704,28.16,74.2480631323651,71.57409652752189,2,13,5,True,22.07050111782409,91.95466906802292,108.88661774002354,124.05203437049022,80.00272944509508,96.5079365079365,4.135067812349674,70.0,100.0
39705,28.2,74.59618295098898,71.15187830450192,2,13,5,True,21.06871876964511,90.16041133610831,108.88661774002291,123.34229042359038,80.9104076417394,96.82539682539682,4.111409680786346,70.0,100.0
39706,28.24,67.15162657990061,71.3347058840679,2,12,5,True,20.089855200397363,88.09772123229718,108.88661774002354,119.31151433828381,81.7973199744539,72.06349206349206,3.9770504779427935,60.0,100.0
39707,28.28,67.37802239882575,70.82979404178006,2,12,5,True,19.137427562958536,85.71848736949445,108.88661774002318,120.7496037163437,82.66027968017855,71.9047619047619,4.02498679054479,60.0,100.0
39708,28.32,67.62074633686758,70.27386141036287,2,12,5,True,18.21558305018131,82.96600614995043,108.88661774002328,119.17942374926133,83.49552913976935,71.9047619047619,3.9726474583087112,60.0,100.0
39709,28.36,67.84292467706426,69.65600687715686,2,12,5,True,17.32920305047625,79.7741999734554,108.88661774002318,119.66186028549419,84.29864550644956,71.9047619047619,3.9887286761831398,60.0,99.85887498340962
39710,28.4,67.68442466875301,68.98305497982999,2,12,5,True,16.484009562216148,76.06741394340908,108.88661774002291,119.45267775253888,85.06444428762592,71.74603174603175,3.981755925084629,60.0,97.54213371463067
39711,28.44,75.23341843931136,68.21011574193817,2,13,5,True,15.686661356255726,71.76133853643795,108.88661774002354,120.61172403707315,85.78689221556091,96.66666666666667,4.020390801235772,70.0,94.85083658527373
39712,28.48,67.20314414812142,67.99257406936363,2,12,5,True,14.944818437855824,66.76586265599119,108.88661774002354,121.86089501193965,86.45904884079052,71.58730158730158,4.062029833731322,60.0,91.7286641599945
39713,28.52,66.84708504699975,67.42207539130918,2,12,5,True,14.267141695207185,60.99090683837755,108.88661774002291,122.08841578025022,87.07306685058401,71.58730158730158,4.069613859341674,60.0,88.11931677398597
39714,28.56,66.16518575360804,66.69656801438934,2,11,5,False,13.663182152697026,54.35635882591433,108.88661774002318,124.89184624016343,87.620292412492,70.63492063492063,4.163061541338782,60.0,83.97272426619645
39715,28.6,65.82583562515386,65.6020916555509,2,12,5,True,13.143106227237652,46.80683329134361,108.88661774002328,122.68307488314895,88.09151410949754,71.58730158730158,4.089435829438298,60.0,79.25427080708975
39716,28.64,64.97279227766342,65.03556611535842,2,12,5,True,12.717209459592265,38.33070908808484,108.88661774002354,119.59440069978882,88.47740353020427,70.95238095238095,3.986480023326294,60.0,73.95669318005302
39717,28.68,71.98568288009439,64.4795247050426,2,13,5,True,12.39520358662366,28.980528567174435,108.88661774002318,118.07818227111238,88.76916122649061,96.19047619047619,3.935939409037079,70.0,68.11283035448402
39718,28.72,60.30564244324724,63.32174491416891,2,12,7,True,13.17377137246577,-70.07110072578993,130.35947429911675,140.34420361193042,88.06372954754045,93.01587301587301,4.678140120397681,60.0,6.205562046381292
39719,28.76,58.67193387578789,62.52933945460949,2,12,7,True,14.011924323828184,-75.43376562261724,127.73651557154444,142.25731603008353,87.30430993829333,89.36507936507937,4.741910534336117,60.0,2.8538964858642224
39720,28.8,54.487030030806,61.76488868524931,2,12,7,True,15.010444644282938,-89.86682884092781,129.0009690478423,143.58949560933615,86.39958734517657,75.39682539682539,4.786316520311205,60.0,0.0
39721,28.84,61.0446181947547,61.07805542525555,2,12,6,True,15.128674794104544,-10.640713483944566,10.984198446088946,81.68286667305074,86.29246334825834,76.98412698412699,2.7227622224350245,60.0,43.349554072534644
39722,28.88,61.01192774496318,60.41587357655313,2,12,6,True,15.246965088230702,-10.64612647135423,10.984198446088394,81.67697971651069,86.18528485679447,76.98412698412699,2.7225659905503563,60.0,43.346170955403615
39723,28.92,61.340060948827,59.819396428255175,2,12,7,True,15.36531413759373,-10.651414442672493,10.984198446088946,82.40810216849786,86.07805312936817,78.41269841269842,2.7469367389499286,60.0,43.342865973329694
39724,28.96,57.69427863340849,58.63740040622219,2,11,7,False,15.483720594915475,-10.656581158957064,10.984198446088946,80.42046021021997,85.9707693866987,70.0,2.6806820070073325,50.0,43.33963677565183
39725,29.0,57.67367581467752,58.53516477112291,2,11,6,False,15.602183153172552,-10.661630243136937,10.984198446088394,66.96162533938877,85.86343481303197,70.31746031746032,2.232054177979626,50.0,43.336481098039414
39726,29.04,57.923186633682924,58.56692266124734,2,11,7,False,15.720700544127585,-10.66656518595293,10.984198446088946,123.39937465190997,85.75605055747127,70.31746031746032,4.113312488396999,50.0,43.33339675877942
39727,29.08,57.87965344072473,58.89242587668164,2,11,7,False,15.839271536923196,-10.671389351605,10.984198446088946,121.22915849944911,85.64861773525126,70.31746031746032,4.040971949981637,50.0,43.330381655246875
39728,29.12,57.815066498088086,58.743982314882366,2,11,7,False,15.957894936735768,-10.676105983131468,10.984198446088394,138.65854900037448,85.54113742895777,69.84126984126983,4.621951633345816,50.0,43.32743376054283
39729,29.16,57.8017306156986,58.55605213236971,2,12,7,True,16.076569583486055,-10.680718207525874,10.984198446088946,142.52945608558002,85.43361068969598,69.84126984126983,4.750981869519334,50.0,43.32455112029633
39730,29.2,59.07881482205578,58.325692855918014,2,11,7,False,16.04413725434793,2.9189096224312294,10.42246922675028,141.1901310012836,85.46299643209659,69.84126984126983,4.706337700042786,50.0,51.82431851401952
39731,29.24,59.05302855728108,58.00326754433798,2,12,7,True,16.012431286220668,2.8535371314536206,10.437979595580705,143.47146338688617,85.49172404545985,69.68253968253968,4.782382112896206,50.0,51.78346070715851
39732,29.28,58.39306861601769,57.583894110849165,2,12,7,True,16.06225583009885,-4.484208949036272,10.046877556952502,143.83435757521147,85.44657985598776,69.84126984126983,4.794478585840382,50.0,47.19736940685233
39733,29.32,59.26329545316325,57.634914511892525,2,12,6,True,15.998244765522024,5.7609958119142135,7.07606549889095,122.30225124266872,85.50457793088498,69.84126984126983,4.076741708088957,50.0,53.60062238244638
39734,29.36,58.75676555481135,57.53719889082208,2,12,6,True,15.998244765522024,0.0,0.0,121.07843510917155,85.50457793088498,70.0,4.035947836972385,50.0,50.0
39735,29.4,58.57574963140662,57.278997441760886,2,12,6,True,16.015099795875038,-1.516952731771255,3.351230073846687,122.17092552698887,85.48930620685925,69.84126984126983,4.072364184232962,50.0,49.051904542642966
39736,29.44,53.82517489444812,56.85795148758083,2,10,5,False,17.366635525146012,-121.63821563438772,721.5005512524666,125.02423581427865,84.26472931580602,69.68253968253968,4.167474527142622,70.0,0.0
39737,29.48,52.64119461281174,57.94310939158155,2,10,5,False,21.800245933311544,-399.02493673489784,721.5005512524672,129.25607385282638,80.24759774304228,69.68253968253968,4.308535795094213,70.0,0.0
39738,29.52,58.53543144620329,59.2830326316637,2,11,5,False,27.882530397018236,-547.4056017336023,721.500551252467,132.41030953785594,74.73666315377687,93.80952380952381,4.413676984595198,80.0,0.0
39739,29.56,56.70706598787935,60.7747265953712,2,11,5,False,34.758515003184485,-618.8386145549624,721.5005512524666,132.6053383864928,68.50658601294467,93.96825396825396,4.420177946216427,80.0,0.0
39740,29.6,54.71664910935374,61.1770575975686,2,11,5,False,42.04054369784878,-655.3825825197869,721.5005512524672,130.40068936287753,61.90860723491953,93.96825396825396,4.346689645429251,80.0,0.0
39741,29.64,52.74917916553783,61.347147414336014,2,12,5,True,49.54991774860016,-675.8436645676238,721.500551252467,129.27176810100718,55.10463917868075,94.28571428571428,4.309058936700239,80.0,0.0
39742,29.68,72.10070967006456,61.48227643283159,2,12,5,True,33.234148350453225,1468.419245833224,1622.431954020749,128.46371619377896,69.88775865677393,93.96825396825396,4.282123873125966,80.0,100.0
39743,29.72,75.13210743826684,61.944815646247626,2,12,5,True,21.723305038071533,1035.9758981143523,1374.530925187505,124.84314135326713,80.31731106267364,93.65079365079364,4.161438045108904,80.0,100.0
39744,29.76,76.29339618050767,62.29804698695071,2,12,5,True,17.264570418519476,401.2861157596852,1172.7554756798777,122.64365585494488,84.35720676072356,93.4920634920635,4.088121861831496,80.0,100.0
39745,29.8,64.09126747953209,62.0872042704899,2,12,5,True,17.802328316473194,-48.39821081583459,351.3097002940427,118.91892943296261,83.86996407778634,93.4920634920635,3.963964314432087,80.0,19.75111824010338
39746,29.84,60.79784335602028,62.06022904858127,2,12,5,True,19.13776633533354,-120.1894216974313,351.30970029404307,117.4306248061439,82.6599727309705,93.65079365079364,3.9143541602047964,80.0,0.0
39747,29.88,60.197297853353575,62.1203929969227,2,13,5,True,21.12010918984524,-178.41085690605297,351.30970029404256,113.02571591334345,80.86384466923661,93.4920634920635,3.7675238637781145,80.0,0.0
39748,29.92,59.37564545544044,62.289086039879095,2,13,5,True,23.586810491098245,-222.00311711277033,351.3097002940429,114.54051585356319,78.62885720628971,92.85714285714286,3.8180171951187734,80.0,0.0
39749,29.96,56.87997070124882,60.639085364779525,2,13,5,True,26.402461081532078,-253.40855313904498,351.30970029404256,116.09406858654256,76.07769960708545,91.9047619047619,3.869802286218085,70.0,0.0
39750,30.0,56.0053188486735,58.6551627691069,2,13,5,True,29.467201737652097,-275.82665905080177,351.30970029404295,115.71114362250228,73.30085064684349,91.74603174603175,3.857038120750076,70.0,0.0
39751,30.04,56.38336332497595,56.48966605743644,2,13,4,True,32.71109460718175,-291.9503582576687,351.3097002940429,67.67037098503351,70.36167844514284,91.74603174603175,2.2556790328344505,80.0,0.0
39752,30.08,55.43861648945092,56.059092971064196,2,13,4,True,36.085858000321124,-303.72870538254375,351.30970029404307,70.1224624430397,67.30392926803444,91.58730158730158,2.3374154147679898,80.0,0.0
39753,30.12,54.77349568101453,55.90132884637328,2,13,5,True,39.55801170313698,-312.4938332534267,351.30970029404256,125.85775836685025,64.15793830784962,91.58730158730158,4.195258612228342,80.0,0.0
39754,30.16,52.30070156886966,55.79240694556762,2,13,5,True,43.104026926246014,-319.1413700798134,351.3097002940429,124.07378621363023,60.945024136587065,91.58730158730158,4.135792873787674,70.0,0.0
39755,30.2,51.32503629019539,55.781846961561286,2,13,5,True,46.707083934649546,-324.2751307563179,351.30970029404307,124.81658876711299,57.680426498448114,91.58730158730158,4.160552958903766,70.0,0.0
39756,30.24,50.307435640462074,55.853932902098045,2,13,5,True,50.354939650098785,-328.30701439043156,351.30970029404256,119.60774490588301,54.375238397024226,91.58730158730158,3.9869248301961,70.0,0.0
39757,30.28,58.92439044306522,55.99565050426221,2,13,5,True,50.398095092660846,-3.883989830585435,4.017386550763704,118.16960845096037,54.33613683534138,91.58730158730158,3.9389869483653457,80.0,47.5725063558841
39758,30.32,58.9046738597293,56.106368609759784,2,13,5,True,50.44124888926049,-3.883841693968222,4.017032095745773,116.56951844240757,54.29703676500461,91.58730158730158,3.8856506147469188,80.0,47.57259894126986
39759,30.36,58.89023504368562,56.295981265724095,2,13,5,True,50.484405259251275,-3.8840732991704385,4.017032095745773,116.03224195073199,54.25793436301265,91.58730158730158,3.867741398357733,80.0,47.572454188018476
39760,30.4,59.24892564736444,56.66312496721779,2,13,5,True,50.484405259251275,0.0,0.0,114.94398832704974,54.25793436301265,91.58730158730158,3.8314662775683246,80.0,50.0
39761,30.44,57.74500198768997,57.21488673323162,2,13,5,True,50.484405259251275,0.0,0.0,114.15925639215493,54.25793436301265,91.58730158730158,3.8053085464051644,70.0,50.0
39762,30.48,57.70593007464336,57.85463914711507,2,13,6,True,50.484405259251275,0.0,0.0,114.28138171934188,54.25793436301265,91.42857142857143,3.8093793906447293,70.0,50.0
39763,30.52,57.71198059094686,58.576164033460195,2,13,6,True,50.484405259251275,0.0,0.0,115.4914849800407,54.25793436301265,91.42857142857143,3.8497161660013566,70.0,50.0
39764,30.56,57.71396836102269,58.5751964017609,2,13,6,True,50.484405259251275,0.0,0.0,115.88903899520665,54.25793436301265,91.42857142857143,3.862967966506888,70.0,50.0
39765,30.6,59.17922009893889,58.57140807631304,2,13,6,True,50.484405259251275,0.0,0.0,116.8758945149566,54.25793436301265,91.26984126984127,3.8958631504985535,80.0,50.0
39766,30.64,58.92184276103566,58.56778843471961,2,13,6,True,50.484405259251275,0.0,0.0,120.95598248986607,54.25793436301265,90.15873015873017,4.031866082995536,80.0,50.0
39767,30.68,59.002065256796726,58.53675115378314,2,13,6,True,50.484405259251275,0.0,0.0,121.12746576906284,54.25793436301265,90.47619047619048,4.037582192302095,80.0,50.0
39768,30.72,58.965734276603555,58.63061577857591,2,13,6,True,50.484405259251275,0.0,0.0,121.79777766693587,54.25793436301265,90.31746031746032,4.059925922231196,80.0,50.0
39769,30.76,58.912778862673726,58.73394501403505,2,13,6,True,50.484405259251275,0.0,0.0,119.1432028174786,54.25793436301265,90.15873015873017,3.971440093915953,80.0,50.0
39770,30.8,58.859213954355,58.84363785794624,2,13,6,True,50.484405259251275,0.0,0.0,116.36672909024128,54.25793436301265,90.0,3.8788909696747096,80.0,50.0
39771,30.84,58.846799344564495,58.868720210012576,2,13,6,True,50.484405259251275,0.0,0.0,113.88380713214065,54.25793436301265,90.0,3.796126904404688,80.0,50.0
39772,30.88,58.876478276126775,58.771954097949525,2,13,6,True,50.484405259251275,0.0,0.0,111.8830855080887,54.25793436301265,90.15873015873017,3.729436183602956,80.0,50.0
39773,30.92,58.8713774852031,58.69601103940233,2,13,6,True,50.484405259251275,0.0,0.0,110.86292732335278,54.25793436301265,90.15873015873017,3.695430910778426,80.0,50.0
39774,30.96,58.94588090015319,58.6124935302306,2,13,6,True,50.484405259251275,0.0,0.0,109.89059444035593,54.25793436301265,90.47619047619048,3.663019814678531,80.0,50.0
39775,31.0,59.02829471788103,58.53162088323713,2,13,6,True,50.484405259251275,0.0,0.0,110.50034211290767,54.25793436301265,90.7936507936508,3.6833447370969226,80.0,50.0
39776,31.04,58.01495658581881,58.449910680455815,2,13,6,True,50.484405259251275,0.0,0.0,112.59462046236877,54.25793436301265,92.6984126984127,3.7531540154122927,70.0,50.0
39777,31.08,58.01802675418219,58.36764791878168,2,13,6,True,50.484405259251275,0.0,0.0,113.20865413504362,54.25793436301265,92.6984126984127,3.7736218045014533,70.0,50.0
39778,31.12,58.01052605846931,58.28430320883135,2,13,6,True,50.484405259251275,0.0,0.0,111.70851499246783,54.25793436301265,92.6984126984127,3.7236171664155946,70.0,50.0
39779,31.16,57.99985514673602,58.21064317758572,2,13,6,True,50.484405259251275,0.0,0.0,109.5743326458105,54.25793436301265,92.6984126984127,3.6524777548603495,70.0,50.0
39780,31.2,57.99526251268196,58.12277166193416,2,13,6,True,50.484405259251275,0.0,0.0,108.65580583499832,54.25793436301265,92.6984126984127,3.6218601944999445,70.0,50.0
39781,31.24,57.93225642929785,58.039629998743884,2,13,6,True,50.484405259251275,0.0,0.0,111.9276050311928,54.25793436301265,92.38095238095238,3.7309201677064268,70.0,50.0
39782,31.28,57.8720608142654,57.95276220085453,2,13,6,True,50.484405259251275,0.0,0.0,115.76149789771807,54.25793436301265,92.06349206349206,3.858716596590602,70.0,50.0
39783,31.32,57.8466628251606,57.958872742101924,2,13,6,True,50.484405259251275,0.0,0.0,118.61840801326616,54.25793436301265,91.9047619047619,3.953946933775539,70.0,50.0
39784,31.36,57.99255790117925,57.9684378090167,2,13,6,True,50.484405259251275,0.0,0.0,116.0513914709627,54.25793436301265,92.53968253968254,3.8683797156987567,70.0,50.0
39785,31.4,57.816919297384274,57.96988798374367,2,13,6,True,50.484405259251275,0.0,0.0,112.66970245800076,54.25793436301265,91.9047619047619,3.755656748600025,70.0,50.0
39786,31.44,57.948180941869836,57.969084538360924,2,13,7,True,50.484405259251275,0.0,0.0,146.85853929162113,54.25793436301265,91.74603174603175,4.895284643054038,70.0,50.0
39787,31.48,57.985881143208886,57.9666703547322,2,13,7,True,50.484405259251275,0.0,0.0,146.46207162292376,54.25793436301265,91.9047619047619,4.8820690540974585,70.0,50.0
39788,31.52,58.08828308078752,57.96900846064662,2,13,7,True,50.484405259251275,0.0,0.0,143.13293532912576,54.25793436301265,92.38095238095238,4.771097844304192,70.0,50.0
39789,31.56,58.13280755715941,57.97540005632336,2,13,7,True,50.484405259251275,0.0,0.0,144.10132266699657,54.25793436301265,92.53968253968254,4.803377422233219,70.0,50.0
39790,31.6,58.027928155193024,57.98735720555163,2,11,7,False,50.484405259251275,0.0,0.0,146.93496608324313,54.25793436301265,92.06349206349206,4.897832202774771,70.0,50.0
39791,31.64,57.99021380214306,58.07858749635301,2,11,7,False,50.484405259251275,0.0,0.0,147.32860340975822,54.25793436301265,91.9047619047619,4.9109534469919405,70.0,50.0
39792,31.68,57.96629230913732,58.181638129707885,2,11,7,False,50.484405259251275,0.0,0.0,150.48081274511787,54.25793436301265,91.74603174603175,5.016027091503929,70.0,50.0
39793,31.72,57.96031370027093,57.79379602808452,2,11,7,False,50.484405259251275,0.0,0.0,149.28509097183996,54.25793436301265,91.74603174603175,4.976169699061332,70.0,50.0
39794,31.76,57.948759962386255,57.40639397572111,2,11,7,False,50.484405259251275,0.0,0.0,146.97434339490428,54.25793436301265,91.74603174603175,4.899144779830142,70.0,50.0
39795,31.8,57.99014861589986,57.000984393388386,2,12,7,True,50.484405259251275,0.0,0.0,147.3155661611181,54.25793436301265,91.9047619047619,4.9105188720372706,70.0,50.0
39796,31.84,59.087321390795765,56.58625386997583,2,12,7,True,50.484405259251275,0.0,0.0,130.2421846323632,54.25793436301265,90.63492063492063,4.341406154412107,80.0,50.0
39797,31.88,59.05352689764278,56.163765497944915,2,12,7,True,50.484405259251275,0.0,0.0,123.48328600176683,54.25793436301265,90.63492063492063,4.116109533392227,80.0,50.0
39798,31.92,53.29407572238938,55.74489405847239,2,12,8,True,50.484405259251275,0.0,0.0,128.73590809394227,54.25793436301265,73.4920634920635,4.291196936464742,70.0,50.0
39799,31.96,53.33705651484808,55.32822719317979,2,12,7,True,50.484405259251275,0.0,0.0,129.39555864917384,54.25793436301265,73.65079365079366,4.313185288305794,70.0,50.0
39800,32.0,53.22336809279474,54.89866811465089,2,12,7,True,50.484405259251275,0.0,0.0,130.4673980480311,54.25793436301265,73.17460317460316,4.348913268267704,70.0,50.0
39801,32.04,53.156041276208796,54.365237528877266,2,12,7,True,50.484405259251275,0.0,0.0,132.87505060385774,54.25793436301265,72.85714285714285,4.429168353461925,70.0,50.0
39802,32.08,52.95806769082197,53.80846026228783,2,12,7,True,50.484405259251275,0.0,0.0,132.9628732090314,54.25793436301265,72.06349206349206,4.432095773634379,70.0,50.0
39803,32.12,52.96375652847274,53.15050552580459,2,12,7,True,50.484405259251275,0.0,0.0,134.10064073918693,54.25793436301265,72.06349206349206,4.470021357972898,70.0,50.0
39804,32.16,52.96628992562615,52.49264575316318,2,13,8,True,50.484405259251275,0.0,0.0,134.6073201698673,54.25793436301265,72.06349206349206,4.48691067232891,70.0,50.0
39805,32.2,52.80560475792417,52.29504021295418,2,13,7,True,50.484405259251275,0.0,0.0,110.40679456598082,54.25793436301265,71.9047619047619,3.6802264855326943,70.0,50.0
39806,32.24,51.547592933102756,52.11350416719648,2,13,7,True,50.484405259251275,0.0,0.0,103.24887404614128,54.25793436301265,73.01587301587301,3.441629134871376,60.0,50.0
39807,32.28,51.308821416826646,51.918442636229145,2,13,7,True,50.484405259251275,0.0,0.0,103.11361840996688,54.25793436301265,72.06349206349206,3.4371206136655625,60.0,50.0
39808,32.32,51.191864552996805,51.72225436674707,2,13,7,True,50.484405259251275,0.0,0.0,103.53176945352243,54.25793436301265,71.58730158730158,3.451058981784081,60.0,50.0
39809,32.36,51.159209625945955,51.53576004551019,2,12,7,True,50.484405259251275,0.0,0.0,104.93729197986067,54.25793436301265,71.42857142857143,3.4979097326620225,60.0,50.0
39810,32.4,50.922809239881296,51.34875726809168,2,12,7,True,50.484405259251275,0.0,0.0,105.27626238597622,54.25793436301265,70.47619047619048,3.509208746199208,60.0,50.0
39811,32.44,51.158623965755694,51.13848500738653,2,12,7,True,50.484405259251275,0.0,0.0,104.82015994180801,54.25793436301265,71.42857142857143,3.4940053313936006,60.0,50.0
39812,32.48,50.8826297211868,50.94187994570243,2,12,7,True,50.484405259251275,0.0,0.0,105.17686658358616,54.25793436301265,70.31746031746032,3.5058955527862055,60.0,50.0
39813,32.52,50.80178204242381,50.84667796987872,2,12,7,True,50.484405259251275,0.0,0.0,104.88034670400248,54.25793436301265,70.0,3.4960115568000827,60.0,50.0
39814,32.56,50.720135835979434,50.77191827309127,2,12,7,True,50.484405259251275,0.0,0.0,104.4241212881434,54.25793436301265,69.68253968253968,3.4808040429381135,60.0,50.0
39815,32.6,50.71972319945066,50.699681739211194,2,12,7,True,50.484405259251275,0.0,0.0,104.34159398238899,54.25793436301265,69.68253968253968,3.4780531327463,60.0,50.0
39816,32.64,50.44302279716434,50.62970998710796,2,12,7,True,50.484405259251275,0.0,0.0,96.62056114417283,54.25793436301265,68.73015873015873,3.2206853714724275,60.0,50.0
39817,32.68,50.44634401771502,50.578914106625206,2,12,6,True,50.484405259251275,0.0,0.0,97.2848052543086,54.25793436301265,68.73015873015873,3.242826841810287,60.0,50.0
39818,32.72,50.40516922321815,50.51826916401305,2,12,6,True,50.484405259251275,0.0,0.0,96.9863542914427,54.25793436301265,68.57142857142857,3.2328784763814236,60.0,50.0
39819,32.76,50.41170505537728,50.48050825560731,2,12,6,True,50.484405259251275,0.0,0.0,98.29352072326947,54.25793436301265,68.57142857142857,3.2764506907756488,60.0,50.0
39820,32.8,50.325026146435846,50.44941278001957,2,12,6,True,50.484405259251275,0.0,0.0,96.83075480799744,54.25793436301265,68.25396825396825,3.227691826933248,60.0,50.0
39821,32.84,50.319548600707094,50.405277347919196,2,12,6,True,50.484405259251275,0.0,0.0,95.73524566224751,54.25793436301265,68.25396825396825,3.1911748554082506,60.0,50.0
39822,32.88,50.313258674088296,50.36422192938134,2,12,6,True,50.484405259251275,0.0,0.0,94.47726033848812,54.25793436301265,68.25396825396825,3.149242011282937,60.0,50.0
39823,32.92,50.43088465440986,50.3465497396989,2,12,6,True,50.484405259251275,0.0,0.0,94.19293259327605,54.25793436301265,68.73015873015873,3.1397644197758687,60.0,50.0
39824,32.96,50.42949882031799,50.285466304470134,2,12,6,True,50.484405259251275,0.0,0.0,93.91576577490196,54.25793436301265,68.73015873015873,3.130525525830065,60.0,50.0
39825,33.0,50.42863633537087,50.22761025361236,2,12,6,True,50.484405259251275,0.0,0.0,93.743268785478,54.25793436301265,68.73015873015873,3.1247756261825996,60.0,50.0
39826,33.04,50.19051065077492,50.186301381453625,2,12,5,True,50.484405259251275,0.0,0.0,38.18162392978047,54.25793436301265,68.88888888888889,1.272720797659349,60.0,50.0
39827,33.08,50.22705817699641,50.153993914995,2,13,5,True,50.484405259251275,0.0,0.0,37.554621237570245,54.25793436301265,69.04761904761905,1.2518207079190082,60.0,50.0
39828,33.12,50.23095652097503,50.12450317712088,2,14,5,True,50.484405259251275,0.0,0.0,38.334290033293655,54.25793436301265,69.04761904761905,1.2778096677764552,60.0,50.0
39829,33.16,49.71334279496997,50.09731396348846,2,14,5,True,50.484405259251275,0.0,0.0,37.98614800688665,54.25793436301265,66.98412698412697,1.2662049335628884,60.0,50.0
39830,33.2,49.71089661292472,50.05836872710886,2,14,5,True,50.484405259251275,0.0,0.0,37.496911597836515,54.25793436301265,66.98412698412697,1.249897053261217,60.0,50.0
39831,33.24,49.91599858947247,50.05127542360574,2,14,6,True,50.484405259251275,0.0,0.0,86.45381484389509,54.25793436301265,66.82539682539682,2.8817938281298363,60.0,50.0
39832,33.28,49.93733654893237,50.0392834488594,2,13,6,True,50.484405259251275,0.0,0.0,82.78489879936751,54.25793436301265,66.98412698412697,2.759496626645584,60.0,50.0
39833,33.32,49.96565974621765,50.051075332329695,2,13,6,True,50.484405259251275,0.0,0.0,80.51303031991483,54.25793436301265,67.14285714285714,2.6837676773304944,60.0,50.0
39834,33.36,49.986988110499254,49.935573022806615,2,13,6,True,50.484405259251275,0.0,0.0,76.84219523972752,54.25793436301265,67.3015873015873,2.561406507990917,60.0,50.0
39835,33.4,49.96354181785473,49.82059318770689,2,13,6,True,50.484405259251275,0.0,0.0,80.08944464733031,54.25793436301265,67.14285714285714,2.6696481549110103,60.0,50.0
39836,33.44,50.34437917828043,49.747949928475634,2,13,6,True,50.484405259251275,0.0,0.0,100.70136117691436,54.25793436301265,68.25396825396825,3.3567120392304783,60.0,50.0
39837,33.48,50.28473263841484,49.67547469116033,2,13,6,True,50.484405259251275,0.0,0.0,104.64506907681243,54.25793436301265,67.93650793650794,3.488168969227081,60.0,50.0
39838,33.52,50.3320132524184,49.585266693598534,2,13,6,True,50.484405259251275,0.0,0.0,98.22817600450799,54.25793436301265,68.25396825396825,3.2742725334835994,60.0,50.0
39839,33.56,48.8410304627196,49.486828719530955,2,13,6,True,50.484405259251275,0.0,0.0,92.09511012824078,54.25793436301265,68.41269841269842,3.0698370042746927,50.0,50.0
39840,33.6,48.8511984997783,49.38598078921364,2,13,6,True,50.484405259251275,0.0,0.0,86.19220960347229,54.25793436301265,68.57142857142857,2.8730736534490764,50.0,50.0
39841,33.64,48.84162368419474,49.28381042510903,2,13,6,True,50.484405259251275,0.0,0.0,84.2772464867594,54.25793436301265,68.57142857142857,2.8092415495586467,50.0,50.0
39842,33.68,48.84119376514122,49.1803305504902,2,13,6,True,50.484405259251275,0.0,0.0,84.1912626760568,54.25793436301265,68.57142857142857,2.8063754225352264,50.0,50.0
39843,33.72,48.83350261873093,49.051719602452174,2,14,6,True,50.484405259251275,0.0,0.0,82.65303339399907,54.25793436301265,68.57142857142857,2.755101113133302,50.0,50.0
39844,33.76,48.75608086012142,48.924916723718276,2,14,6,True,50.484405259251275,0.0,0.0,83.0416975451135,54.25793436301265,68.25396825396825,2.7680565848371166,50.0,50.0
39845,33.8,48.75548458240981,48.72287462527694,2,14,6,True,50.484405259251275,0.0,0.0,82.92244200278947,54.25793436301265,68.25396825396825,2.7640814000929823,50.0,50.0
39846,33.84,48.76094374124398,48.64234763392599,2,14,6,True,50.484405259251275,0.0,0.0,84.0142737696242,54.25793436301265,68.25396825396825,2.800475792320807,50.0,50.0
39847,33.88,48.721783322428664,48.559702663250995,2,14,6,True,50.484405259251275,0.0,0.0,92.05520587957744,54.25793436301265,67.93650793650794,3.0685068626525815,50.0,50.0
39848,33.92,48.80104780182406,48.477484803659536,2,14,6,True,50.484405259251275,0.0,0.0,99.97159382214886,54.25793436301265,68.0952380952381,3.332386460738295,50.0,50.0
39849,33.96,48.76309809360824,48.395240941844236,2,14,6,True,50.484405259251275,0.0,0.0,108.25466805200085,54.25793436301265,67.77777777777779,3.6084889350666947,50.0,50.0
39850,34.0,47.907508071122265,48.31417279651536,2,12,6,True,50.484405259251275,0.0,0.0,103.8033302214717,54.25793436301265,64.44444444444444,3.4601110073823897,50.0,50.0
39851,34.04,47.874706566508266,48.24171132968791,2,12,6,True,50.484405259251275,0.0,0.0,97.2430292986719,54.25793436301265,64.44444444444444,3.24143430995573,50.0,50.0
39852,34.08,47.85945885167833,48.17189338784791,2,12,6,True,50.484405259251275,0.0,0.0,94.193486332686,54.25793436301265,64.44444444444444,3.1397828777562005,50.0,50.0
39853,34.12,47.8550093690972,48.10398039041623,2,12,6,True,50.484405259251275,0.0,0.0,93.30358981645986,54.25793436301265,64.44444444444444,3.110119660548662,50.0,50.0
39854,34.16,47.85426742335767,48.04306706687739,2,12,6,True,50.484405259251275,0.0,0.0,93.15520066855242,54.25793436301265,64.44444444444444,3.105173355618414,50.0,50.0
39855,34.2,47.86068487478432,47.96879656951316,2,12,6,True,50.484405259251275,0.0,0.0,94.43869095388254,54.25793436301265,64.44444444444444,3.147956365129418,50.0,50.0
39856,34.24,47.886543258192056,47.89760126838789,2,12,6,True,50.484405259251275,0.0,0.0,99.61036763543052,54.25793436301265,64.44444444444444,3.320345587847684,50.0,50.0
39857,34.28,47.91766928032988,47.89765724837699,2,12,6,True,50.484405259251275,0.0,0.0,105.8355720629952,54.25793436301265,64.44444444444444,3.5278524020998394,50.0,50.0
39858,34.32,47.94598777206383,47.89983402136065,2,12,6,True,50.484405259251275,0.0,0.0,111.49927040978582,54.25793436301265,64.44444444444444,3.716642346992861,50.0,50.0
39859,34.36,47.9908234399626,47.90326282427099,2,12,6,True,50.484405259251275,0.0,0.0,112.52989605303082,54.25793436301265,64.60317460317461,3.7509965351010277,50.0,50.0
39860,34.4,47.90980183345334,47.90675933808697,2,12,6,True,50.484405259251275,0.0,0.0,112.19859062419528,54.25793436301265,64.28571428571429,3.7399530208065093,50.0,50.0
39861,34.44,47.9087544801049,47.930244983294216,2,12,6,True,50.484405259251275,0.0,0.0,111.98911995450726,54.25793436301265,64.28571428571429,3.732970665150242,50.0,50.0
39862,34.48,47.90817983099137,47.95709577143244,2,12,6,True,50.484405259251275,0.0,0.0,111.87419013180079,54.25793436301265,64.28571428571429,3.729139671060026,50.0,50.0
39863,34.52,47.900827842312225,47.98491944746079,2,12,7,True,50.484405259251275,0.0,0.0,110.40379239597132,54.25793436301265,64.28571428571429,3.680126413199044,50.0,50.0
39864,34.56,47.90060448660247,48.01446427874112,2,12,7,True,50.484405259251275,0.0,0.0,110.35912125401956,54.25793436301265,64.28571428571429,3.678637375133985,50.0,50.0
39865,34.6,47.896967534888994,48.04170786456162,2,12,7,True,50.484405259251275,0.0,0.0,109.63173091132558,54.25793436301265,64.28571428571429,3.654391030377519,50.0,50.0
39866,34.64,48.13609516584457,48.06126515949409,2,12,7,True,50.484405259251275,0.0,0.0,109.83820948339417,54.25793436301265,65.23809523809524,3.6612736494464717,50.0,50.0
39867,34.68,48.182894332443084,48.07313105708385,2,12,7,True,50.484405259251275,0.0,0.0,111.26153486658768,54.25793436301265,65.39682539682539,3.7087178288862557,50.0,50.0
39868,34.72,48.22042737053227,48.17669695363418,2,10,7,False,50.484405259251275,0.0,0.0,110.83163454791793,54.25793436301265,65.55555555555556,3.694387818263931,50.0,50.0
39869,34.76,48.2722072556938,48.284354893483794,2,10,7,False,50.484405259251275,0.0,0.0,113.2511036437154,54.25793436301265,65.71428571428571,3.7750367881238462,50.0,50.0
39870,34.8,48.27291080190973,48.40239917028607,2,11,7,False,50.484405259251275,0.0,0.0,113.3918128869027,54.25793436301265,65.71428571428571,3.77972709623009,50.0,50.0
39871,34.84,48.22551097915228,48.53749201703198,2,11,7,False,50.484405259251275,0.0,0.0,111.84835627191933,54.25793436301265,65.55555555555556,3.728278542397311,50.0,50.0
39872,34.88,48.05219260453036,48.66659286767176,2,11,7,False,50.484405259251275,0.0,0.0,108.93071309356674,54.25793436301265,64.92063492063492,3.6310237697855583,50.0,50.0
39873,34.92,49.15154523870896,48.76557232279248,2,12,7,True,50.484405259251275,0.0,0.0,106.57901770706485,54.25793436301265,69.36507936507937,3.5526339235688287,50.0,50.0
39874,34.96,49.20007510918678,48.85055556722434,2,12,7,True,50.484405259251275,0.0,0.0,108.34848386612066,54.25793436301265,69.52380952380952,3.6116161288706885,50.0,50.0
39875,35.0,49.31735916393953,48.93613315598958,2,12,7,True,50.484405259251275,0.0,0.0,107.99577100714669,54.25793436301265,70.0,3.5998590335715566,50.0,50.0
39876,35.04,49.52171864755334,49.01430437187386,2,12,7,True,50.484405259251275,0.0,0.0,109.18512804736929,54.25793436301265,70.7936507936508,3.6395042682456427,50.0,50.0
39877,35.08,49.446177742566405,49.09609090897089,2,12,7,True,50.484405259251275,0.0,0.0,109.94996292299766,54.25793436301265,70.47619047619048,3.664998764099922,50.0,50.0
39878,35.12,49.32384862729317,49.18186245756317,2,12,7,True,50.484405259251275,0.0,0.0,109.29366367787406,54.25793436301265,70.0,3.6431221225958024,50.0,50.0
39879,35.16,49.20269326562546,49.27877032573374,2,13,7,True,50.484405259251275,0.0,0.0,108.87211515385752,54.25793436301265,69.52380952380952,3.6290705051285843,50.0,50.0
39880,35.2,49.24735843571514,49.28347313819461,2,13,7,True,50.484405259251275,0.0,0.0,109.8686412352854,54.25793436301265,69.68253968253968,3.66228804117618,50.0,50.0
39881,35.24,49.210261846305144,49.37400868096123,2,13,7,True,50.484405259251275,0.0,0.0,110.38583128979371,54.25793436301265,69.52380952380952,3.6795277096597903,50.0,50.0
39882,35.28,49.25434924707408,49.454770552498466,2,13,7,True,50.484405259251275,0.0,0.0,111.26680350707284,54.25793436301265,69.68253968253968,3.708893450235761,50.0,50.0
39883,35.32,49.25476956225969,49.52172343266184,2,12,7,True,50.484405259251275,0.0,0.0,111.35086654419501,54.25793436301265,69.68253968253968,3.7116955514731673,50.0,50.0
39884,35.36,49.21508702257715,49.598776697825,2,12,7,True,50.484405259251275,0.0,0.0,111.35086654419501,54.25793436301265,69.52380952380952,3.7116955514731673,50.0,50.0
39885,35.4,49.20797898823939,49.69950909970405,2,13,7,True,50.484405259251275,0.0,0.0,109.92925967664269,54.25793436301265,69.52380952380952,3.6643086558880897,50.0,50.0
39886,35.44,50.2865016223863,49.80732546239096,2,13,7,True,50.484405259251275,0.0,0.0,97.06235793459564,54.25793436301265,68.0952380952381,3.235411931153188,60.0,50.0
39887,35.48,50.2865016223863,49.91529434281773,2,13,7,True,50.484405259251275,0.0,0.0,97.06235793459564,54.25793436301265,68.0952380952381,3.235411931153188,60.0,50.0
39888,35.52,50.325153209513786,50.03340303773589,2,13,7,True,50.484405259251275,0.0,0.0,96.85616742358525,54.25793436301265,68.25396825396825,3.228538914119508,60.0,50.0
39889,35.56,50.370816924524384,50.14790318873472,2,12,7,True,50.484405259251275,0.0,0.0,98.05240248919745,54.25793436301265,68.41269841269842,3.2684134163065814,60.0,50.0
39890,35.6,50.53263744984192,50.2617027652907,2,12,7,True,50.484405259251275,0.0,0.0,98.67047580667258,54.25793436301265,69.04761904761905,3.2890158602224195,60.0,50.0
39891,35.64,50.49648961786822,50.381799298481944,2,12,7,True,50.484405259251275,0.0,0.0,99.37741734844076,54.25793436301265,68.88888888888889,3.3125805782813584,60.0,50.0
39892,35.68,50.54298500083636,50.504781386143804,2,12,7,True,50.484405259251275,0.0,0.0,100.73998600556024,54.25793436301265,69.04761904761905,3.357999533518675,60.0,50.0
39893,35.72,50.62756618532303,50.54148520418163,2,12,7,True,50.484405259251275,0.0,0.0,101.78320702987912,54.25793436301265,69.36507936507937,3.3927735676626374,60.0,50.0
39894,35.76,50.62835105906021,50.591216987184076,2,12,7,True,50.484405259251275,0.0,0.0,101.94018177731414,54.25793436301265,69.36507936507937,3.398006059243804,60.0,50.0
39895,35.8,50.6203644809313,50.61540460333592,2,12,7,True,50.484405259251275,0.0,0.0,100.3428661515336,54.25793436301265,69.36507936507937,3.3447622050511203,60.0,50.0
39896,35.84,50.656245420872104,50.639863371217075,2,11,7,False,50.484405259251275,0.0,0.0,99.58254620318621,54.25793436301265,69.52380952380952,3.3194182067728737,60.0,50.0
39897,35.88,50.683764040181735,50.65177736248098,2,12,7,True,50.484405259251275,0.0,0.0,97.14976212860347,54.25793436301265,69.68253968253968,3.238325404286782,60.0,50.0
39898,35.92,50.72694743884032,50.67118833055757,2,12,7,True,50.484405259251275,0.0,0.0,97.8499339238133,54.25793436301265,69.84126984126983,3.2616644641271098,60.0,50.0
39899,35.96,50.88328301841552,50.68950309194632,2,12,7,True,50.484405259251275,0.0,0.0,97.37101809282103,54.25793436301265,70.47619047619048,3.2457006030940345,60.0,50.0
