frame,t_sec,danger_raw,danger_smoothed,attacking_team,n_attackers,n_defenders,count_anomaly,ball_dist_to_goal_m,closing_speed_kmh,hull_area_m2,score_ball_proximity,score_space_control,score_compactness,score_numerical_advantage,score_ball_velocity
0,0.0,46.02690351615465,43.918602693781054,2,9,8,False,62.34128161445261,0.0,1642.108503374673,43.51485412458841,39.04761904761905,54.736950112489104,50.0,50.0
1,0.041666666666666664,46.02690351615465,43.70570985948531,2,9,8,False,62.34128161445261,0.0,1642.108503374673,43.51485412458841,39.04761904761905,54.736950112489104,50.0,50.0
2,0.08333333333333333,43.74591254086875,43.4524973464946,2,9,9,False,61.86400925040691,41.236332253548746,1282.0208360870156,43.94729308649731,27.142857142857142,42.734027869567186,40.0,75.77270765846797
3,0.125,42.15107878179285,43.29664553003189,2,10,9,False,61.552829785974275,26.88590572697956,1270.763240094776,44.22924137159375,26.031746031746035,42.35877466982586,40.0,66.80369107936222
4,0.16666666666666666,45.15888056396039,43.14276008190696,2,10,9,False,60.8846595683248,57.72990680491466,1265.6108144571817,44.834645868199196,25.873015873015877,42.187027148572724,40.0,86.08119175307166
5,0.20833333333333334,40.401937243755036,42.39136478258419,2,9,10,False,60.79351116149017,7.875222350511763,1275.78834223401,44.91723209233566,25.238095238095237,42.52627807446701,40.0,54.92201396906985
6,0.25,42.428352853710855,41.62570078325723,2,9,9,False,60.72341700444812,6.0561351684330935,1276.448129473296,44.98074183392262,27.936507936507937,42.5482709824432,50.0,53.78508448027068
7,0.2916666666666667,41.68000975555967,41.12362908723878,2,9,9,False,60.776098494435125,-4.5516807348769595,1058.698753994291,44.933009070498656,33.33333333333333,35.28995846647637,50.0,47.1551995407019
8,0.3333333333333333,42.049830998330116,40.597086078998466,2,10,9,False,60.86573445737987,-7.744547198426176,1102.1641047580451,44.85179321622845,35.23809523809524,36.73880349193484,50.0,45.15965800098364
9,0.375,41.757791048782664,40.53078437947645,2,9,9,False,60.99216196519928,-10.923336675596806,1094.3584809903077,44.7372418942648,35.55555555555556,36.478616033010255,50.0,43.172914577751996
10,0.4166666666666667,34.87741178935652,40.36004661210972,2,9,9,False,62.893042553110824,-164.23608279555742,1077.1266123683436,43.014923800710726,36.34920634920635,35.90422041227812,50.0,0.0
11,0.4583333333333333,33.20339679066061,39.89907455429711,2,9,10,False,64.85595568341196,-169.59569445801841,1450.6223243458144,41.23640029855486,30.317460317460316,48.354077478193815,40.0,0.0
12,0.5,40.00204316393329,40.301367693384385,2,8,9,False,64.94007766189988,-7.268138941355801,1395.6468387220439,41.16018046310772,31.428571428571427,46.521561290734795,40.0,45.457413161652624
13,0.5416666666666666,39.708387417270785,40.74067464620462,2,8,9,False,65.07393459924742,-11.565239386827898,1393.0172623095414,41.03889760788392,32.06349206349206,46.43390874365138,40.0,42.771725383232564
14,0.5833333333333334,42.950292146604646,41.03491249182672,2,9,8,False,65.25722044409588,-15.83589699490658,1275.88159715845,40.8728290347803,43.17460317460318,42.52938657194833,50.0,40.102564378183395
15,0.625,40.10222557339213,41.406137632185676,2,9,10,False,65.48952018697477,-20.07069778473642,1582.426477420816,40.66235076863741,33.49206349206349,52.747549247360524,40.0,37.45581388453974
16,0.6666666666666666,39.62721587020901,41.79757130144149,2,10,10,False,65.7703144809243,-24.26062699723907,1573.314245460555,40.40793337066327,33.65079365079365,52.4438081820185,40.0,34.83710812672558
17,0.7083333333333334,45.229454912802396,43.2051613386011,2,10,10,False,65.39489483736914,32.436257203166,1570.6036984029215,40.74808732293288,34.44444444444444,52.353456613430716,40.0,70.27266075197875
18,0.75,47.700036287553594,45.14846400528944,2,10,8,False,65.019673691379,32.419107013548,1538.2938870043636,41.08806142384835,38.57142857142858,51.27646290014545,50.0,70.2619418834675
19,0.7916666666666666,45.210863903024844,46.53798459608523,2,10,10,False,64.64465449941073,32.401658186057965,1542.6213307687103,41.42785254164109,34.12698412698413,51.420711025623675,40.0,70.25103636628623
20,0.8333333333333334,46.50453268263765,48.14210682685626,2,10,10,False,64.26984079671364,32.383903913029144,1574.9624770707305,41.76745747315152,38.25396825396825,52.49874923569102,40.0,70.23993994564321
21,0.875,46.45499507985232,49.56236906243581,2,10,10,False,63.89523619952897,32.36583719675498,1560.9017951957376,42.10687294183624,37.93650793650794,52.03005983985792,40.0,70.22864824797186
22,0.9166666666666666,51.76849223527195,48.513353377143375,2,9,9,False,63.14040067977685,65.21778890658321,1269.7660102441905,42.79080168601618,45.87301587301587,42.32553367480635,50.0,90.76111806661451
23,0.9583333333333334,56.52302879092065,48.16377050406351,2,9,9,False,62.18142018912602,82.85591439223177,1502.4841541609298,43.65969869139196,53.65079365079365,50.08280513869766,50.0,100.0
24,1.0,56.676290253482854,48.34634070423365,2,10,9,False,61.279653327950314,77.91265680558125,1515.3141534243323,44.476756528189995,53.80952380952381,50.51047178081107,50.0,98.69541050348829
25,1.0416666666666667,58.95785418652311,48.66829465791394,2,10,8,False,60.43766113752363,72.74812525286578,1492.5292843207098,45.23965473096263,58.41269841269842,49.75097614402366,60.0,95.4675782830411
26,1.0833333333333333,59.99343897355923,49.21117878949854,2,9,6,False,59.6579745891338,67.36491778088096,710.5756132920224,45.946100079572304,79.36507936507937,23.685853776400744,60.0,92.10307361305058
27,1.125,27.514037349882905,49.72649977766846,1,6,7,False,50.06374727930166,-137.96987152999586,113.35173223095262,54.63907711057529,12.222222222222221,3.7783910743650875,50.0,0.0
28,1.1666666666666667,35.432221393250565,48.74790714863631,1,7,8,False,50.333608592518544,-23.31601746193894,426.6123316314515,54.39456568494474,16.666666666666664,14.220411054381717,50.0,35.42748908628816
29,1.2083333333333333,47.42029731484408,47.32042304500749,2,9,10,False,57.99637582013922,40.84397294409141,1717.169894041313,47.45161370429227,35.079365079365076,57.238996468043766,30.0,75.52748309005712
30,1.25,51.56348373171717,46.58361114109923,2,9,10,False,57.52490300407591,40.735251307870115,1722.2146558273425,47.878797908754535,45.07936507936508,57.40715519424475,40.0,75.45953206741882
31,1.2916666666666667,51.72547348203997,45.80379901172157,2,9,10,False,57.05471973554957,40.62383440067588,1739.077233270555,48.304813701550344,44.920634920634924,57.9692411090185,40.0,75.38989650042242
32,1.3333333333333333,52.68838454067666,44.85090377773276,2,10,10,False,56.58585815989832,40.50964013626767,1727.359111178026,48.729631956969335,42.53968253968254,57.578637039267534,50.0,75.3185250851673
33,1.375,34.71188353146655,44.51947611516809,1,10,9,False,51.74760653580081,-25.158806263061933,1027.3006791889784,53.113394075612376,10.0,34.243355972965944,40.0,34.27574608558629
34,1.4166666666666667,34.638682991726114,46.91110239047228,1,10,9,False,52.04285225831364,-25.50923042510801,1019.4086868074628,52.845882768925314,10.317460317460316,33.980289560248764,40.0,34.05673098430749
35,1.4583333333333333,47.6812859440216,48.625473797081646,2,9,9,False,55.18753998104766,40.14952988220221,1661.4354788367627,49.99659670756742,34.44444444444444,55.38118262789209,30.0,75.09345617637638
36,1.5,47.318544700950966,49.24179501111443,2,9,9,False,54.72430678605969,40.02334804696011,1589.8795482592895,50.41631529396173,33.96825396825397,52.99598494197632,30.0,75.01459252935007
37,1.5416666666666667,47.52311137865731,49.225116174294335,2,9,8,False,54.262571431752846,39.8939346121115,1592.2446829533992,50.83467674192097,34.285714285714285,53.0748227651133,30.0,74.93370913256969
38,1.5833333333333333,56.01630702278323,49.181547024231314,2,10,8,False,53.80237248183054,39.761189273287414,1446.1324025571912,51.25164611028966,58.730158730158735,48.20441341857304,50.0,74.85074329580463
39,1.625,56.2135526535331,49.376033656740525,2,10,9,False,53.3437497001987,39.625008332990845,1479.0754616009463,51.66718737045291,58.41269841269842,49.30251538669821,50.0,74.76563020811928
40,1.6666666666666667,56.00467827256306,51.25568284827087,2,10,9,False,52.91538965552115,37.01030786014003,1463.0389409389804,52.05530867601811,58.41269841269842,48.767964697966015,50.0,73.13144241258752
41,1.7083333333333333,54.81615188323732,53.190318939266426,2,10,9,False,52.49082859736619,36.6820754245889,1248.0898099195856,52.4399878594076,57.61904761904761,41.60299366398619,50.0,72.92629714036806
42,1.75,51.36333768987614,53.521280354720794,2,10,10,False,52.070159452461574,36.345814119758714,1555.2484131755273,52.82114072312597,43.333333333333336,51.84161377251758,40.0,72.7161338248492
43,1.7916666666666667,51.20264368128368,53.85958070448661,2,10,9,False,51.65347730884848,36.00133720817137,1538.6621619994244,53.198681111391075,42.698412698412696,51.28873873331414,40.0,72.5008357551071
44,1.8333333333333333,55.02222413078723,54.15957302112047,1,8,7,False,54.82599330113315,-22.588325311709514,252.96951757961142,50.3241808769472,91.11111111111111,8.432317252653714,70.0,35.88229668018156
45,1.875,57.26767382983072,54.49828772255672,1,7,8,False,55.09314191020817,-23.0816398240813,821.0704123750456,50.08212733291937,89.20634920634922,27.369013745834852,70.0,35.57397510994919
46,1.9166666666666667,57.854316083672735,55.08827816066034,1,7,8,False,55.36591752825045,-23.56781339885313,867.1056406448733,49.834975362710246,91.11111111111111,28.90352135482911,70.0,35.27011662571679
47,1.9583333333333333,51.652822929474105,55.20458461378012,2,10,10,False,50.028596923180636,34.5374983722563,1442.4134976529895,54.67092555740942,39.20634920634921,48.080449921766316,50.0,71.58593648266019
48,2.0,51.37814889814078,55.49700573401221,2,10,10,False,49.63335263121267,34.149106826032586,1420.8931002072131,55.02904189557367,38.25396825396825,47.363103340240436,50.0,71.34319176627037
49,2.0416666666666665,51.12301917826355,56.74767961045566,2,9,10,False,49.24271185516478,33.75136305053757,1395.7706760180354,55.38298715702037,37.46031746031746,46.52568920060118,50.0,71.09460190658598
50,2.0833333333333335,60.08088344001818,58.14267464011527,2,9,10,False,48.856785019191776,33.34407862806741,1834.3171236002802,55.73266129047798,58.25396825396826,61.14390412000934,60.0,70.84004914254213
51,2.125,63.293437910776596,57.969730692229184,2,10,10,False,48.075128026145315,67.53516419921424,1809.124337396902,56.440891986629225,57.936507936507944,60.304144579896736,60.0,92.2094776245089
52,2.1666666666666665,57.40035571000044,57.19603786761678,2,9,10,False,47.29353362576349,67.5297561929899,1792.8807631260943,57.14906596986569,39.84126984126984,59.76269210420314,50.0,92.20609762061869
53,2.2083333333333335,58.32520532602236,56.19059029582388,2,9,9,False,39.65191892294686,660.2355103233564,1200.034999094165,64.07285242458978,48.41269841269841,40.00116663647216,40.0,100.0
54,2.25,66.37142420719756,55.24068752145743,2,10,10,False,32.82469050435703,589.8725353661616,1780.98186120007,70.25875337436108,55.55555555555556,59.36606204000233,50.0,100.0
55,2.2916666666666665,67.94258403719887,54.28092036163744,2,9,10,False,27.426906863805236,466.368506543675,1793.8333074200295,75.14948690509097,55.714285714285715,59.794443580667654,50.0,100.0
56,2.3333333333333335,52.946896756154366,52.69000754543319,2,5,4,False,24.42538463359404,259.33152069024743,55.33123105265531,77.86905597122427,15.238095238095239,1.8443743684218437,70.0,100.0
57,2.375,47.98335993448183,49.769690488540014,2,4,3,False,24.061271673124203,31.4593597845938,6.93456180839172,78.19896535317221,20.158730158730158,0.23115206027972401,60.0,69.66209986537113
58,2.4166666666666665,45.78894522215798,47.27017637276551,2,4,4,False,23.866077022946538,16.864817775350286,61.24648991896356,78.3758240574506,15.555555555555555,2.0415496639654522,60.0,60.54051110959393
59,2.4583333333333335,40.25398963707662,45.062610125864076,2,4,5,False,26.46189877536202,-224.27899940869764,1822.7005430203733,76.02384529547142,3.3333333333333335,60.75668476734578,50.0,0.0
60,2.5,39.86094298030099,43.59252703056876,2,4,5,False,31.997949963992095,-478.31482269763853,1727.5916549067317,71.00783261710805,9.682539682539684,57.58638849689106,50.0,0.0
61,2.5416666666666665,32.03206538381251,41.84943658590542,2,4,4,False,39.24920098253115,-626.5080880017744,556.021670966316,64.43774036115336,9.682539682539684,18.534055698877204,50.0,0.0
62,2.5833333333333335,25.037078757300026,39.95014949691466,2,3,5,False,47.43548265174976,-707.2947362204878,92.5378875913998,57.02045117029686,5.873015873015873,3.08459625304666,40.0,0.0
63,2.625,33.299268521482595,38.8713159082095,2,4,4,False,56.14930553275016,-752.8742969184349,86.94630326068545,49.12517626065015,36.507936507936506,2.898210108689515,60.0,0.0
64,2.6666666666666665,30.909560747183175,38.17827789790672,2,4,4,False,65.17943134136834,-780.2028698646108,84.04365512278105,40.943310884066875,36.82539682539683,2.8014551707593682,60.0,0.0
65,2.7083333333333335,40.68420818247862,37.785103873723976,2,6,6,False,64.7607269277472,36.176061336866724,1201.4016940364195,41.32268357692127,15.555555555555555,40.04672313454732,50.0,72.6100383355417
66,2.75,45.45433887123749,37.746460320002704,2,5,5,False,64.34205142508884,36.17356342968228,888.2694332418919,41.70203007461401,34.44444444444444,29.608981108063066,60.0,72.60847714355143
67,2.7916666666666665,45.15113896930975,37.742182021611676,2,6,4,False,63.92340540146275,36.17101644129405,709.679926381079,42.08134986243817,36.34920634920635,23.655997546035966,60.0,72.60688527580879
68,2.8333333333333335,40.00089369169248,38.39121204605082,1,9,9,False,48.935250924150004,-24.100014811127245,1166.3282970827004,55.66156621554478,24.92063492063492,38.877609902756674,40.0,34.93749074304547
69,2.875,39.66690381084842,39.56837709515447,1,10,9,False,49.216205345023134,-24.274461963438398,1157.757493688212,55.407003732445595,24.126984126984127,38.59191645627374,40.0,34.828461272851
70,2.9166666666666665,41.07085693196507,40.06493293621687,2,9,10,False,62.66765011253707,36.1630678668618,949.3144534048115,43.219143613895824,25.873015873015877,31.643815113493716,40.0,72.60191741678864
71,2.9583333333333335,39.79026699242129,40.80736939136239,2,9,10,False,62.24912799202995,36.16031121181518,970.4957013526846,43.59835113765407,25.873015873015877,32.34985671175615,30.0,72.60019450738449
72,3.0,39.809603399608655,42.300726212327575,2,9,10,False,61.830638425147534,36.15749857864057,959.6015459118289,43.97752916576844,25.71428571428571,31.986718197060966,30.0,72.59843661165036
73,3.0416666666666665,39.8204256770822,43.25254454986643,2,10,10,False,61.412182077393894,36.154628445914504,931.1344326897397,44.35667709525015,25.873015873015877,31.03781442299132,30.0,72.59664277869658
74,3.0833333333333335,39.16305934654389,43.6107268567415,2,10,9,False,60.99375963248267,36.1516992403296,784.9055644416294,44.73579430661139,25.71428571428571,26.16351881472098,30.0,72.594812025206
75,3.125,39.25793861423138,43.728864561242744,2,10,9,False,60.57537179296229,36.148709334561254,773.255819374529,45.11488016329882,25.873015873015877,25.775193979150966,30.0,72.5929433341008
76,3.1666666666666665,39.818798208929465,43.86465808886759,2,10,10,False,60.15701928086692,36.145657045039755,886.5512616839005,45.493934011103796,25.396825396825395,29.551708722796683,30.0,72.59103565314985
77,3.2083333333333335,58.604490034060845,43.90386230801922,2,6,7,False,59.73870283839465,36.14254062960392,2282.9115514177156,45.87295517754788,60.15873015873016,76.09705171392386,50.0,72.58908789350245
78,3.25,56.87615892170376,44.10085649935262,2,6,7,False,59.320423228614054,36.139358285043635,2065.3593810787675,46.25194297124268,57.14285714285714,68.84531270262558,50.0,72.58709892815227
79,3.2916666666666665,49.449326651810495,43.847342882480355,2,5,7,False,58.902181236200505,36.13610814453062,1970.0150573343474,46.63089668122263,28.888888888888886,65.66716857781158,50.0,72.58506759033165
80,3.3333333333333335,41.418546145707545,43.59014921410679,2,10,10,False,58.483977668203906,36.13278827490617,863.408292189828,47.00981557624948,24.444444444444443,28.780276406327598,40.0,72.58299267181636
81,3.375,41.29642614234651,43.84553301564218,2,10,10,False,58.06581335484916,36.129396673849875,863.9339319862283,47.3886989040869,23.49206349206349,28.79779773287428,40.0,72.58087292115617
82,3.4166666666666665,41.541307561784556,44.09483958273629,2,10,10,False,57.64768915037125,36.12593126689165,842.6253254358317,47.76754589074398,24.444444444444443,28.087510847861054,40.0,72.57870704180729
83,3.4583333333333335,42.15419728842213,44.332326478423404,2,10,9,False,57.22960593388641,36.122389904290024,960.0013978359393,48.14635573968575,18.095238095238095,32.00004659453131,50.0,72.57649369018127
84,3.5,36.76743999714155,42.80162964285355,2,9,9,False,56.81156461030155,36.11877035773182,825.0708576777397,48.52512763100931,10.793650793650794,27.502361922591323,30.0,72.57423147358239
85,3.5416666666666665,36.73410165659931,41.41752298100595,2,9,9,False,56.39356611126356,36.11507031688252,819.5581037702814,48.90386072058362,10.317460317460316,27.318603459009378,30.0,72.57191894805158
86,3.5833333333333335,42.22766496496868,40.656943002925225,1,6,5,False,54.27009708213938,-26.82293049350767,1.9660613331325294,50.8278580264746,57.936507936507944,0.06553537777108431,50.0,33.235668441557706
87,3.625,42.249617419360696,41.305808919263576,1,6,5,False,54.58202791764702,-26.95082418785996,1.9027796611844678,50.54522895164014,58.41269841269842,0.06342598870614892,50.0,33.155734882587524
88,3.6666666666666665,42.66864095717477,41.88028076136418,1,5,5,False,54.8954137706713,-27.076537701297706,1.9268571927241283,50.26128153886731,60.476190476190474,0.06422857309080428,50.0,33.07716393668893
89,3.7083333333333335,40.23612800722247,42.51486512295013,2,10,10,False,54.72201998619789,36.09941592394564,923.0360938880694,50.418387279337026,14.444444444444443,30.767869796268982,40.0,72.56213495246602
90,3.75,40.26687897953268,42.872645356125666,2,10,10,False,54.30425059244489,36.09527562025965,922.4254045758898,50.79691278502618,14.126984126984127,30.747513485862992,40.0,72.55954726266228
91,3.7916666666666665,40.32236691484185,43.71425969262537,2,10,10,False,53.88653023341459,36.09103902021775,926.7665791338686,51.17539386215382,13.80952380952381,30.892219304462287,40.0,72.5568993876361
92,3.8333333333333335,49.20493714176774,44.60032930187722,2,7,6,False,53.46886005834427,36.08670312607567,1625.1002305415877,51.55382946943826,34.92063492063492,54.17000768471959,40.0,72.55418945379729
93,3.875,48.190088247553724,44.9976741041775,2,7,6,False,53.05124125252251,36.08226482300011,1613.79604035748,51.932218532933035,30.634920634920636,53.79320134524933,40.0,72.55141551437507
94,3.9166666666666665,49.156319900815944,45.79163392803731,2,7,6,False,52.6336750387082,36.07772087355647,1609.823910750325,52.31055994474125,34.12698412698413,53.66079702501083,40.0,72.5485755459728
95,3.9583333333333335,46.44756008652849,46.397133620214255,2,6,6,False,52.21616267861673,36.073067911902534,1448.6362370827896,52.68885256166889,32.06349206349206,48.28787456942632,30.0,72.54566744493908
96,4.0,46.86681203513807,46.881449518055014,2,6,6,False,51.798705474477295,36.06830243764748,1430.5163415532063,53.0670952038139,33.65079365079365,47.68387805177354,30.0,72.54268902352968
97,4.041666666666667,47.3669369676214,47.54053049589862,2,6,6,False,51.38130477066504,36.06342080937886,1468.2588319409615,53.445286653087365,34.44444444444444,48.94196106469872,30.0,72.53963800586179
98,4.083333333333333,46.99580259257216,48.280421184429365,2,6,6,False,50.96396195541251,36.05841923781875,1474.6119996579473,53.82342565166274,32.38095238095238,49.153733321931576,30.0,72.53651202363672
99,4.125,51.77713530567841,48.13771650384442,2,6,4,False,50.54667846260469,36.05329377859555,405.11492654382346,54.20151090034948,54.44444444444444,13.503830884794116,60.0,72.53330861162223
100,4.166666666666667,49.934637263298086,48.23062985253957,2,6,7,False,50.12945577366266,36.048040324591035,1818.7939157000355,54.57954105688637,36.34920634920635,60.626463856667854,30.0,72.5300252028694
101,4.208333333333333,46.047918781311644,48.27675203990727,2,9,8,False,49.712295419520736,36.04265459786252,472.84103501134086,54.957514734150045,41.269841269841265,15.761367833711363,40.0,72.52665912366407
102,4.25,48.175850713656004,48.582978728187605,2,9,8,False,49.295198982702644,36.037132141083134,488.55443439580995,55.33543049827387,43.01587301587302,16.285147813193664,50.0,72.52320758817696
103,4.291666666666667,49.20105517721063,48.86131433835684,2,9,8,False,48.878168099502645,36.03146830847991,512.2999831340167,55.713286866671694,46.19047619047619,17.076666104467222,50.0,72.51966769279994
104,4.333333333333333,47.49248097474864,49.132781560973406,2,9,8,False,48.461204462277585,36.02565825624513,495.6454023826991,56.09108230596116,45.23809523809524,16.521513412756637,40.0,72.5160364101532
105,4.375,49.30504843189542,49.584698834364296,2,9,8,False,48.044309821856665,36.01969693236756,487.9876455865706,56.46881522978019,46.19047619047619,16.266254852885687,50.0,72.51231058272974
106,4.416666666666667,49.70978614922831,49.6157336157024,2,9,8,False,47.62748599007591,36.01357906585711,490.8342174920326,56.84648399649072,47.3015873015873,16.361140583067755,50.0,72.50848691616069
107,4.458333333333333,50.12228034589242,49.81348335052552,2,9,8,False,47.210734842444964,36.00729915531383,503.17558291219757,57.22408690676233,48.25396825396825,16.772519430406586,50.0,72.50456197207114
108,4.5,50.20683935716902,50.58580727279582,2,9,8,False,46.79405832095417,36.00085145680448,497.55616185857434,57.60162220102888,48.25396825396825,16.58520539528581,50.0,72.5005321605028
109,4.541666666666667,50.62454363902019,51.29463292196172,2,9,8,False,46.377458437030796,35.99422997097961,503.01766418560146,57.97908805681,49.36507936507937,16.767255472853382,50.0,72.49639373186226
110,4.583333333333333,52.418809873262774,51.92609024940333,2,9,8,False,45.96093727465338,35.98742842940858,563.1642920033446,58.35648258588927,48.888888888888886,18.772143066778153,60.0,72.49214276838036
111,4.625,52.149552681735784,51.67801264276583,2,9,8,False,45.544496993634375,35.980440280042195,542.3601623270806,58.733803831339934,47.77777777777778,18.078672077569355,60.0,72.48777517502637
112,4.666666666666667,52.30763408117548,51.35132589957939,2,9,8,False,45.12813983308157,35.97325867176246,535.6033255143266,59.11104976438865,48.095238095238095,17.853444183810886,60.0,72.48328666985154
113,4.708333333333333,55.315805848555186,51.04589697636711,2,6,5,False,44.71186811504974,35.96587643795008,1097.2856674108377,59.48821828110689,54.44444444444444,36.576188913694594,50.0,72.4786727737188
114,4.75,56.68175850364675,51.928819979391136,2,6,5,False,44.295684248394714,35.958286078994185,1141.643976241653,59.865307198918806,58.57142857142858,38.0547992080551,50.0,72.47392879937135
115,4.791666666666667,56.7785431065101,52.83096099047782,2,6,5,False,43.879590732843106,35.95047974365898,1217.8919217272287,60.24231425291393,56.98412698412698,40.596397390907626,50.0,72.46904983978686
116,4.833333333333333,44.51554969509849,53.47658997448446,2,4,4,False,43.46359016329165,35.942449209245886,233.30463209908203,60.619237091951625,33.17460317460317,7.776821069969402,40.0,72.46403075577868
117,4.875,45.384807513658224,53.4694862557292,2,4,4,False,43.04768523435144,35.93418586043395,257.71683566159834,60.99607327454375,35.714285714285715,8.590561188719944,40.0,72.45886616277122
118,4.916666666666667,46.04463907068082,53.55863559011149,2,4,4,False,42.63187874515338,35.925680666712516,295.8092286224137,61.37282026450056,37.142857142857146,9.860307620747124,40.0,72.45355041669532
119,4.958333333333333,60.71735638218089,53.62024514536315,2,6,4,False,42.2161736044323,35.91692415830132,546.012803840953,61.749475426324274,72.38095238095238,18.200426794698433,70.0,72.44807759893833
120,5.0,61.03253149020912,53.42507921023029,2,6,4,False,41.8005728359088,35.90790640043013,539.0042251471332,62.12603602033266,73.33333333333333,17.966807504904438,70.0,72.44244150026884
121,5.041666666666667,58.372091447099976,53.14692993187622,2,6,5,False,41.38507958398911,35.89861696586138,1616.2486345397742,62.50249919749474,52.6984126984127,53.87495448465914,50.0,72.43663560366336
122,5.083333333333333,52.33356524819953,52.57406710392572,2,10,10,False,40.96969711980493,35.88904490551347,1646.458563420862,62.8788619939582,33.49206349206349,54.881952114028735,40.0,72.43065306594592
123,5.125,53.21934469432336,53.00531179064814,2,10,10,False,40.55442884761708,35.8791787170298,1690.1127726912387,63.25512132524732,35.714285714285715,56.33709242304129,40.0,72.42448669814362
124,5.166666666666667,53.04694874419529,53.33613201255196,2,10,10,False,40.13927831160852,35.86900631113965,1696.7472194764814,63.631273980108084,34.44444444444444,56.55824064921605,40.0,72.4181289444623
125,5.208333333333333,52.97381462696093,53.55713260673854,2,10,10,False,39.72424920309433,35.85851497562603,1691.5005822844805,64.00731661397545,33.80952380952381,56.383352742816015,40.0,72.41157185976628
126,5.25,53.34396716339789,52.31795426177161,2,10,10,False,39.30934536817878,35.84769133670343,1687.6227295625094,64.38324574203558,34.92063492063492,56.25409098541698,40.0,72.40480708543964
127,5.291666666666667,49.904189171104036,51.09540617207489,2,9,10,False,38.894570815891804,35.83652131759493,1690.0262622713472,64.7590577318537,26.666666666666668,56.33420874237823,30.0,72.39782582349683
128,5.333333333333333,49.69048593576769,49.52640195273015,2,9,10,False,38.47992972683982,35.82499009409135,1672.5794094428907,65.13474879553583,25.71428571428571,55.752646981429685,30.0,72.39061880880709
129,5.375,49.35465017650391,48.04503169098286,2,9,9,False,38.06542646240922,35.813082046803835,1630.7206099445762,65.51031498138993,24.761904761904763,54.35735366481921,30.0,72.3831762792524
130,5.416666666666667,48.69664620091994,46.29496856776583,2,9,10,False,37.65106557456352,35.80078070986874,1681.5861386376746,65.88575216504904,26.666666666666668,56.05287128792249,20.0,72.37548794366798
131,5.458333333333333,45.84721624257764,44.46627583373433,2,9,9,False,37.23685181627905,35.78806871577806,1319.5789945191354,66.26105604001584,22.063492063492063,43.98596648397118,20.0,72.36754294736129
132,5.5,46.36195441384852,43.03435933217499,2,9,10,False,36.82279015266784,35.774927736008294,1360.580518407327,66.63622210758466,22.857142857142858,45.3526839469109,20.0,72.35932983500518
133,5.541666666666667,39.54404081496299,41.55704382728382,2,9,10,False,37.27046643072367,-38.67923042402374,1369.7315986278463,66.23059907231676,23.809523809523807,45.657719954261545,20.0,25.825480984985163
134,5.583333333333333,34.557122107232146,39.921620870918275,2,9,10,False,37.63395315589197,-31.405253054541163,954.1339982049076,65.90125709917794,9.841269841269842,31.80446660683025,20.0,30.371716840911773
135,5.625,32.218587215718856,38.29003574608099,2,9,10,False,38.25484676678863,-53.64520798147128,960.9898325553095,65.33868819978467,9.365079365079366,32.03299441851031,20.0,16.47174501158045
136,5.666666666666667,31.102635935817325,36.66367559483265,2,9,10,False,38.78979947116005,-46.219913657690725,967.3399076896012,64.85398719973561,8.571428571428571,32.24466358965337,10.0,21.1125539639433
137,5.708333333333333,35.79081660824897,35.35795557141761,2,9,10,False,38.76365904423997,2.258532885894874,962.8380448859443,64.87767208059766,9.206349206349207,32.094601496198145,10.0,51.411583053684296
138,5.75,35.61618110470379,34.18117100073744,2,9,10,False,38.74873881334457,1.2891079493624602,961.1495572125132,64.89119075388759,8.88888888888889,32.03831857375044,10.0,50.80569246835154
139,5.791666666666667,30.279113694717555,32.885714960408905,2,9,10,False,39.389964190255675,-55.4018725651192,959.8053740711812,64.31019998796398,9.523809523809524,31.99351246903937,10.0,15.373829646800502
140,5.833333333333333,30.111464437720215,32.35725840409301,2,9,10,False,40.03727934914826,-55.92802972831905,963.394971169505,63.72369149422561,9.682539682539684,32.11316570565017,10.0,15.04498141980059
141,5.875,29.83832836152373,32.57312620049891,2,9,10,False,40.69039365674808,-56.429076176624584,945.7316422644162,63.13192860480914,9.841269841269842,31.52438807548054,10.0,14.731827389609636
142,5.916666666666667,33.02800591993964,32.97970028916978,2,9,10,False,40.943053721580654,-21.829829601534517,956.6033489708316,62.90300259864807,9.682539682539684,31.886778299027718,10.0,36.356356499040935
143,5.958333333333333,31.725801394415576,33.46195837836505,2,10,10,False,42.227246263307215,-110.9542356051749,801.1111653958487,61.739442896745445,30.793650793650794,26.703705513194958,10.0,0.0
144,6.0,30.81648192990605,34.53116812524889,2,10,10,False,43.824942619074164,-138.04096513826443,801.3422074212522,60.291828901925236,28.888888888888886,26.711406914041742,10.0,0.0
145,6.041666666666667,33.202562139172215,35.58456180635294,2,10,10,False,44.35178344410758,-45.51904728288728,811.4751040669635,59.81447777784703,25.873015873015877,27.049170135565447,10.0,21.550595448195452
146,6.083333333333333,37.14753566410297,37.05893597909553,2,10,10,False,45.444636437046576,-94.42249858992908,1458.7802626851703,58.82428381442636,36.82539682539683,48.62600875617235,20.0,0.0
147,6.125,37.097476279769296,38.542549434840815,2,10,10,False,46.63717758026974,-103.03555477448162,1442.1708785190694,57.74376607893961,38.25396825396825,48.07236261730232,20.0,0.0
148,6.166666666666667,36.88973300616059,40.04072865869666,2,10,10,False,47.92196521374967,-111.00565153266591,1470.4681573585171,56.57966718625315,38.25396825396825,49.01560524528391,20.0,0.0
149,6.208333333333333,48.621333570855086,41.289918655075034,2,6,5,False,47.66322935144396,22.354778503213584,761.3480873523549,56.814098249379555,42.698412698412696,25.37826957841183,50.0,63.97173656450848
150,6.25,48.256905277952335,42.15260547705706,2,6,5,False,47.40531008840138,22.284224326878984,834.4940079568842,57.04778942190208,39.523809523809526,27.816466931896137,50.0,63.927640204299365
151,6.291666666666667,47.971603767628615,43.0122841174129,2,6,5,False,47.14822082597875,22.212512273315383,899.7225934506096,57.28072856134347,36.82539682539683,29.99075311502032,50.0,63.88282017082212
152,6.333333333333333,47.914825906663694,43.678090448645655,2,6,5,False,46.89197521582608,22.139620717190496,931.3588092644313,57.512903298444996,35.714285714285715,31.04529364214771,50.0,63.83726294824405
153,6.375,47.81647904779386,44.184896004316776,2,6,5,False,46.636587164335516,22.065527648784634,923.0043422511735,57.744301033135415,35.23809523809524,30.76681140837245,50.0,63.790954780490395
154,6.416666666666667,48.018285876480185,44.731635445096536,2,6,5,False,46.38207083712742,21.990210670779334,943.0049195496758,57.97490893046633,35.3968253968254,31.43349731832253,50.0,63.743881669237076
155,6.458333333333333,42.07804325819975,45.386073431836905,2,9,10,False,46.128440663570814,21.91364699529097,1093.397316439643,58.20471391651636,32.38095238095238,36.446577214654766,10.0,63.69602937205686
156,6.5,41.13262561417619,45.10685249053515,2,9,10,False,45.994123974575736,11.604961929174738,1106.172683339154,58.32641333582427,32.06349206349206,36.8724227779718,10.0,57.25310120573421
157,6.541666666666667,41.19223811396526,44.89323198592322,2,9,10,False,45.859955991782385,11.592113713345475,1118.9787143555013,58.447978017903814,31.9047619047619,37.29929047851671,10.0,57.245071070840915
158,6.583333333333333,43.229202332156476,44.70095288059715,2,10,10,False,45.72593802418161,11.579152400707086,1100.281238028735,58.56940677672646,34.285714285714285,36.676041267624505,20.0,57.236970250441935
159,6.625,43.65834956912634,45.3436396395021,2,10,10,False,45.592071394683124,11.56607678866908,1115.586291440808,58.690698413652285,35.55555555555556,37.186209714693604,20.0,57.22879799291818
160,6.666666666666667,44.742988847045105,45.971823617291676,2,10,10,False,45.45835744027687,11.552885660700326,1095.333552297352,58.81185171728384,40.15873015873016,36.51111840991174,20.0,57.220553537937704
161,6.708333333333333,45.270682275233895,46.25419257977399,2,10,10,False,45.32479751219605,11.53957778618294,1114.4958564551625,58.93286546331831,41.74603174603175,37.14986188183875,20.0,57.212236116364345
162,6.75,45.69345922260931,45.682582380865995,2,10,10,False,45.191392976082035,11.526151920250824,1120.622032423108,59.053738414398204,43.17460317460318,37.354067747436936,20.0,57.20384495015677
163,6.791666666666667,45.66425450371568,45.196380519085544,2,10,10,False,45.058145212151004,11.512606803641097,1131.6007290566122,59.17446931996033,42.698412698412696,37.72002430188707,20.0,57.19537925227568
164,6.833333333333333,55.62706701352322,44.57483395484925,2,10,5,False,44.92505561536236,11.49894116253879,577.5016663388742,59.29505691608321,63.49206349206349,19.25005554462914,70.0,57.186838226586744
165,6.875,55.354686781268725,45.529701140856474,2,10,5,False,44.792125595589035,11.485153708415373,595.4226334628966,59.415499925332746,61.904761904761905,19.847421115429885,70.0,57.17822106775961
166,6.916666666666667,51.40671342626792,46.417338854637784,2,10,7,False,44.65935657778948,11.471243137881425,1303.6328625457309,59.535797056606434,43.80952380952381,43.45442875152436,50.0,57.1695269611759
167,6.958333333333333,35.218720871303745,47.22571475135013,1,3,5,False,67.37553830587925,-13.470740274989112,101.96775652708857,38.95349901244748,37.142857142857146,3.398925217569619,50.0,41.580787328131805
168,7.0,35.29820327281083,47.1353674732747,1,3,5,False,67.531457829681,-13.471446856471767,102.54433869734203,38.81222605785483,37.61904761904762,3.4181446232447343,50.0,41.58034571470514
169,7.041666666666667,33.73367934312971,47.01954484717729,1,3,5,False,67.68738547499431,-13.47214855507018,106.06603633810664,38.670945744658795,37.46031746031746,3.5355345446035544,40.0,41.579907153081145
170,7.083333333333333,54.68760856424314,46.91247784545791,2,7,5,False,44.129919563281696,11.414343094636592,354.3187820126659,60.01550049262596,69.36507936507937,11.810626067088863,60.0,57.13396443414786
171,7.125,54.31000213450214,45.98980673037949,2,7,5,False,43.997977469997046,11.399796859793742,367.13546008556295,60.13504837796432,67.46031746031747,12.237848669518765,60.0,57.12487303737108
172,7.166666666666667,54.443499607593324,45.09981321531749,2,7,5,False,43.866205255099615,11.385119367138055,386.94651980487833,60.25444234273456,67.46031746031747,12.898217326829279,60.0,57.11569960446129
173,7.208333333333333,44.186514938328656,44.37084942425008,2,9,10,False,43.734604454118426,11.370309204774776,1282.641211289573,60.373680995650226,32.38095238095238,42.75470704298577,20.0,57.10644325298423
174,7.25,44.303587709440436,44.98824240472689,2,9,10,False,43.60317661911077,11.355364944661506,1299.1910543011127,60.4927629304492,32.38095238095238,43.30636847670375,20.0,57.097103090413434
175,7.291666666666667,44.37945048308299,45.79706869152846,2,9,10,False,43.47192331885083,11.340285142459015,1307.5109276045032,60.61168672572281,32.38095238095238,43.58369758681677,20.0,57.087678214036885
176,7.333333333333333,44.55501363258233,46.73069893806599,2,10,10,False,43.34084613902029,11.32506833735813,1296.1004797762553,60.73045094474312,33.17460317460317,43.20334932587517,20.0,57.07816771084884
177,7.375,44.674764600524725,45.91617939748671,2,10,10,False,43.209946682400805,11.309713051923792,1265.6033459148557,60.84905413528854,34.12698412698413,42.18677819716186,20.0,57.06857065745237
178,7.416666666666667,42.659147933458954,45.13881191451109,2,10,9,False,43.07922656906825,11.294217791932988,855.6641069757752,60.967494829467775,34.12698412698413,28.522136899192507,20.0,57.05888611995812
179,7.458333333333333,42.627436637025404,44.37326176680089,2,10,9,False,42.94868743658899,11.278581046207774,866.3279576364766,61.08577154354211,33.65079365079365,28.877598587882552,20.0,57.04911315387986
180,7.5,45.004118714429616,44.1388757716393,2,10,10,False,42.818330940217926,11.262801286459945,1350.7465854333802,61.203882777745875,33.33333333333333,45.02488618111267,20.0,57.039250804037465
181,7.541666666666667,44.93724230158028,44.57392654153525,2,10,10,False,42.68815875309846,11.246876967121603,1354.4027533590663,61.32182701610526,32.857142857142854,45.14675844530221,20.0,57.02929810445101
182,7.583333333333333,44.91337407729171,45.57288138440911,2,10,10,False,42.55817256646431,11.230806525191065,1382.5464263610759,61.4396027262555,32.06349206349206,46.08488087870253,20.0,57.019254078244415
183,7.625,44.981592338794705,45.68501603870553,2,10,10,False,42.42837408984322,11.214588380062196,1389.4378309027934,61.5572083592563,32.06349206349206,46.31459436342645,20.0,57.00911773753887
184,7.666666666666667,45.25689783507091,46.36662789829464,2,10,10,False,42.29876505126254,11.198220933370317,1406.013748628523,61.67464234940552,32.698412698412696,46.8671249542841,20.0,56.99888808335645
185,7.708333333333333,41.3738829963895,47.27856545071618,2,5,4,False,42.16934719745665,11.181702568828905,32.20866387245502,61.791903114051294,26.50793650793651,1.073622129081834,50.0,56.988564105518066
186,7.75,49.524196948191914,48.23198289327238,2,6,3,False,42.04012229407625,11.16503165206691,0.0033220056063782977,61.908989053402365,47.61904761904761,0.00011073352021260993,70.0,56.97814478254182
187,7.791666666666667,56.36690859756934,49.01608875982461,2,6,2,False,41.911092125899486,11.148206530472203,53.91004515841814,62.0258985503368,67.77777777777779,1.7970015052806048,80.0,56.967629081545134
188,7.833333333333333,45.90062948413926,49.82710976103567,2,10,9,False,41.78225849704498,11.131225533029511,1460.3179373313287,62.142629970208965,33.65079365079365,48.67726457771096,20.0,56.957015958143444
189,7.875,52.85410691559409,50.67943700258655,2,10,9,False,40.80313423183537,84.59633651410995,1466.8124502989476,63.029778509960806,34.44444444444444,48.893748343298256,20.0,100.0
190,7.916666666666667,53.60239856251749,51.529339997520104,2,10,9,False,39.81219359145929,85.61727132849342,1483.234404917518,63.927633433311314,36.03174603174603,49.44114683058394,20.0,100.0
191,7.958333333333333,54.06844594769982,52.400687817793745,2,10,10,False,38.8799253184037,80.54797879200308,1494.0162074490831,64.77232747929247,36.666666666666664,49.800540248302774,20.0,100.0
192,8.0,54.4133891130564,53.4397281907915,2,10,10,False,37.947871505816686,80.52944940751804,1512.3348566468167,65.61682721051882,36.666666666666664,50.41116188822722,20.0,100.0
193,8.041666666666666,54.66949431611295,54.01190814718549,2,10,9,False,37.01604835386683,80.50952032846763,1512.8984529725076,66.46111794861251,36.666666666666664,50.429948432416914,20.0,100.0
194,8.083333333333334,55.14130097590217,52.72496729517143,2,10,10,False,35.77267742091844,107.42724860674069,1531.7289125155658,67.58769068991712,36.82539682539683,51.05763041718553,20.0,100.0
195,8.125,55.180428277997294,52.6361505749611,2,10,9,False,34.87621655271586,77.45421901270302,1530.6162422246905,68.39994096133731,36.98412698412699,51.02054140748968,20.0,98.40888688293938
196,8.166666666666666,55.71307167835479,53.19422876113521,2,10,10,False,33.962625085458896,78.9343027710017,1559.727051140509,69.22771263946362,36.98412698412699,51.99090170468364,20.0,99.33393923187606
197,8.208333333333334,53.84236747236251,53.71935411170036,2,10,10,False,33.2927792578059,57.87467950921912,1567.8483075922886,69.83463534475885,36.507936507936506,52.261610253076284,20.0,86.17167469326195
198,8.25,56.39035642491971,53.98920827990327,2,10,10,False,32.297431338383696,85.9980602380782,1584.6759232694753,70.73648354180196,36.98412698412699,52.82253077564918,20.0,100.0
199,8.291666666666666,40.92361837340065,54.29610632558262,2,10,9,False,33.564657578672886,-109.48834716098604,1576.092558392699,69.58829638256829,36.666666666666664,52.536418613089964,20.0,0.0
200,8.333333333333334,44.83482884161529,54.418685881027706,2,9,9,False,34.90800820347596,-116.06549398298546,1901.2055619857738,68.37113571408702,41.269841269841265,63.373518732859125,30.0,0.0
201,8.375,59.55104514968335,53.33917180160407,2,9,9,False,34.057840810409445,73.45446276094677,1913.0228116754165,69.14144116774882,41.42857142857143,63.767427055847214,30.0,95.90903922559173
202,8.416666666666666,59.903902769299386,53.16397319423242,2,9,9,False,33.20825602360259,73.40412558011253,1914.5419793982217,69.91121874327418,41.904761904761905,63.81806597994072,30.0,95.87757848757033
203,8.458333333333334,57.30669596613478,51.8817918703998,2,10,9,False,30.55918321957983,228.8798902675663,1594.0809850028218,72.3114463275451,38.57142857142858,53.13603283342739,20.0,100.0
204,8.5,58.09616566120851,50.65097364153703,2,10,9,False,27.96209805837592,224.38815792801788,1594.9144987274235,74.66456981783057,38.88888888888889,53.16381662424745,20.0,100.0
205,8.541666666666666,56.140448981453964,50.83184853490287,2,10,9,False,27.279438213579798,58.9818105903848,1600.4327729502224,75.28310283348252,38.095238095238095,53.34775909834075,20.0,86.8636316189905
206,8.583333333333334,42.18713202281862,51.67888314317588,2,10,9,False,30.723511340827365,-297.56791819418976,1261.6413794359378,72.16255465160067,44.920634920634924,42.0547126478646,20.0,0.0
207,8.625,53.078044989537446,52.54723904111244,2,9,9,False,30.074283059302484,56.09332352374969,1263.890753586582,72.75079655549945,42.698412698412696,42.1296917862194,10.0,85.05832720234355
208,8.666666666666666,40.32689579236339,52.07623303004303,2,10,9,False,37.42718577133669,-635.2907943197553,1269.9043423289331,66.08860143308357,44.60317460317461,42.33014474429777,20.0,0.0
209,8.708333333333334,39.07254872600916,51.57802191579602,2,10,8,False,44.78659369034194,-635.8528442020536,1166.7393317706046,59.420512181525744,43.65079365079365,38.891311059020154,30.0,0.0
210,8.75,58.56085514530989,51.23208228813416,2,10,8,False,28.06435169246474,1444.8017086165898,1171.1890690891396,74.57192155510286,43.333333333333336,39.03963563630465,30.0,100.0
211,8.791666666666666,51.088033672676815,50.15806347681976,2,10,8,False,28.05965084111853,0.4061535563126313,1176.6903471918104,74.57618082387553,43.17460317460318,39.22301157306035,30.0,50.2538459726954
212,8.833333333333334,55.2550996168539,49.905810182718334,2,10,7,False,28.055781036292238,0.3343511369915291,1211.239454107098,74.57968711191553,53.17460317460318,40.3746484702366,40.0,50.2089694606197
213,8.875,53.898973016850476,50.776228588735115,2,9,8,False,28.052742621908155,0.2625190027847452,1542.7831084685772,74.58244010760747,47.14285714285714,51.42610361561925,30.0,50.164074376740466
214,8.916666666666666,53.92536939833519,50.73418240849666,2,9,8,False,28.050535868133174,0.19066352615838014,1541.3531995024202,74.58443956616307,47.3015873015873,51.378439983414005,30.0,50.11916470384898
215,8.958333333333334,53.155420434192486,51.73431190919237,2,9,8,False,28.049160971258747,0.11879108995052548,1404.5092861117864,74.58568530972984,46.98412698412698,46.81697620372621,30.0,50.07424443121907
216,9.0,45.207939925435845,52.87915639340201,2,8,8,False,28.048618053613627,0.046908084538381446,1417.9187772348141,74.5861772274702,20.952380952380953,47.26395924116047,20.0,50.029317552836496
217,9.041666666666666,53.11340945223669,52.259059930170565,2,10,8,False,28.048907163509444,-0.024979094998616346,1414.6619986085834,74.58591527561076,46.666666666666664,47.15539995361945,30.0,49.984388065625865
218,9.083333333333334,52.63215289502017,52.25627429461651,2,10,8,False,28.05002827521924,-0.09686405172641344,1026.168684342073,74.58489947746175,52.539682539682545,34.20562281140243,30.0,49.93945996767099
219,9.125,52.57349082667594,52.16057077029631,2,10,8,False,28.051981288988873,-0.1687403896962792,1023.8266331899686,74.58312992340677,52.38095238095239,34.127554439665616,30.0,49.894537256439826
220,9.166666666666666,52.32844980071182,51.586429573882874,2,10,8,False,28.054766031081442,-0.24060171679794848,1031.8727725885183,74.5806067708624,51.269841269841265,34.395759086283945,30.0,49.84962392700128
221,9.208333333333334,52.81068253652499,51.650266165616245,2,11,8,False,28.058382253854486,-0.31244164759096976,1083.8311640210159,74.57733024420841,46.19047619047619,36.12770546736719,40.0,49.804723970255644
222,9.25,51.11969758653242,51.62774550743804,2,10,8,False,28.062829635870067,-0.3842538061461824,1086.9049682491795,74.57330063468791,45.3968253968254,36.23016560830599,30.0,49.75984137115864
223,9.291666666666666,51.054606046028184,52.433854205503486,2,10,8,False,28.068107782037504,-0.4560318288666281,1091.3924540119488,74.56851830027806,45.07936507936508,36.37974846706496,30.0,49.71498010695836
224,9.333333333333334,54.10665732501151,52.51228629544797,2,10,7,False,28.07421622378864,-0.5277693672980263,959.0354222945671,74.56298366553125,53.96825396825397,31.9678474098189,40.0,49.67014414543874
225,9.375,47.00927865988935,52.30320917968294,2,10,7,False,28.08115441928548,-0.5994600909269707,952.3921880979442,74.55669722138698,31.746031746031743,31.74640626993147,30.0,49.62533744317065
226,9.416666666666666,54.691408499135534,53.000519451185056,2,11,7,False,27.978951240314224,8.83035466311643,942.9609129848895,74.64929976858555,53.01587301587302,31.43203043282965,40.0,55.51897166444777
227,9.458333333333334,52.88517253605404,53.72026943175504,2,10,7,False,28.04941974488549,-6.088478794957427,920.8283387111805,74.58545084444974,51.90476190476191,30.69427795703935,40.0,46.19470075315161
228,9.5,54.88124430222123,54.30322107123579,2,10,7,False,27.87792955689913,14.816752242021597,910.8102443687721,74.74083180604944,52.06349206349207,30.360341478959075,40.0,59.2604701512635
229,9.541666666666666,54.054594531570444,54.48791205268924,2,10,7,False,27.80910773147672,5.94620571649632,900.1251139378464,74.80318873468043,52.22222222222223,30.004170464594882,40.0,53.7163785728102
230,9.583333333333334,50.12322750583978,54.449009778662095,2,10,7,False,28.203375881971446,-34.06476820274451,893.427891247351,74.44595684245768,52.06349206349207,29.780929708245036,40.0,28.709519873284684
231,9.625,60.9412140847014,54.1061470908056,2,11,7,False,27.300087629782357,78.0441049891373,897.941147935926,75.26439315578199,52.22222222222223,29.9313715978642,40.0,98.7775656182108
232,9.666666666666666,60.965449567551595,54.33917700678131,2,11,7,False,26.40698871722123,77.16374604528156,894.5522509001912,76.07359728265853,51.746031746031754,29.818408363339703,40.0,98.22734127830097
233,9.708333333333334,59.80610221029394,53.92769444731062,2,11,8,False,25.525148710491955,76.19097658140923,1028.2201313881815,76.8726001284282,49.84126984126984,34.27400437960605,30.0,97.61936036338078
234,9.75,53.33598936397383,53.65206234671603,2,11,8,False,25.438725458345914,7.46696898541793,1018.0744084491298,76.95090506342596,49.84126984126984,33.935813614970996,30.0,54.66685561588621
235,9.791666666666666,50.58777875770245,53.19756012951206,2,11,8,False,25.674909430934626,-20.40629523166474,1011.8323566440695,76.73690743938586,49.682539682539684,33.72774522146898,30.0,37.24606548020953
236,9.833333333333334,49.992305070733615,52.788253658464846,2,11,8,False,25.912268829953046,-20.507852075191465,1002.7836633902534,76.52184480462368,47.77777777777778,33.42612211300845,30.0,37.182592453005334
237,9.875,49.8056376515978,52.68782813847804,2,11,8,False,26.150771648887872,-20.606643555968983,996.1414544341624,76.30574615906572,47.460317460317455,33.204715147805416,30.0,37.12084777751939
238,9.916666666666666,49.75361778548742,51.6786541910888,2,11,8,False,26.390386886824153,-20.70275655769468,984.6929781752169,76.08863959150256,47.77777777777778,32.823099272507235,30.0,37.060777151440824
239,9.958333333333334,49.57758732891888,50.64472225304934,2,11,8,False,26.631084516551404,-20.796275208434462,956.389090607312,75.87055230848691,47.93650793650794,31.87963635357707,30.0,37.002327994728454
240,10.0,49.42721769577363,49.6915808826769,2,11,8,False,26.872835453420407,-20.887280945481894,949.1005282405422,75.65151066255133,47.77777777777778,31.63668427468474,30.0,36.94544940907382
241,10.041666666666666,49.142916879003884,49.27714452560005,2,11,8,False,27.115611524967953,-20.975852581707954,938.8453437811349,75.43154017973015,47.14285714285714,31.294844792704495,30.0,36.89009213643253
242,10.083333333333334,48.918121265998,49.082401699339755,2,11,8,False,27.359385441321628,-21.0620663729575,908.7552053672225,75.21066558637457,47.14285714285714,30.29184017890742,30.0,36.83620851690156
243,10.125,48.83112671603056,48.91444327466115,2,11,8,False,27.604130766392377,-21.145996086112714,898.2987546261174,74.98891083525406,47.3015873015873,29.94329182087058,30.0,36.78375244617955
244,10.166666666666666,48.55826631107807,48.7593482805189,2,11,8,False,27.84982188985846,-21.22771306746969,882.4250931043898,74.76629913094067,46.82539682539682,29.414169770146326,30.0,36.73267933283144
245,10.208333333333334,48.36840576582472,48.60584865863894,2,11,8,False,28.096433999941162,-21.30728631114537,867.288260897034,74.54285295447588,46.666666666666664,28.9096086965678,30.0,36.682946055534146
246,10.25,48.36275307905157,48.25757628866396,2,11,8,False,28.343943056969355,-21.38478252723586,857.2567858137572,74.31859408732286,47.14285714285714,28.57522619379191,30.0,36.634510920477595
247,10.291666666666666,48.25086484257895,47.91836734217737,2,11,8,False,28.592325767727502,-21.460266209503892,849.7974847246005,74.09354363460885,47.14285714285714,28.326582824153352,30.0,36.58733361906007
248,10.333333333333334,47.976803974590325,47.60003333798716,2,11,8,False,28.84155956057938,-21.533799702402316,833.7228831449047,73.8677220476645,46.666666666666664,27.790762771496823,30.0,36.54137518599855
249,10.375,47.94449772189085,47.44402993356016,2,11,8,False,29.09162256135781,-21.60544326725625,826.3263076807125,73.64114914586939,46.98412698412698,27.54421025602375,30.0,36.496597957964845
250,10.416666666666666,47.91162232292788,47.29244515736581,2,11,8,False,29.342493570008987,-21.675255147461748,818.8254852522969,73.41384413781373,47.3015873015873,27.29418284174323,30.0,36.45296553283641
251,10.458333333333334,45.398318889219084,47.14514602237153,2,10,8,False,29.594152037978652,-21.743291632579112,742.232703479147,73.18582564178791,45.07936507936508,24.741090115971566,20.0,36.410442729638056
252,10.5,45.35671033793466,47.14895573605932,2,10,8,False,29.84657804632608,-21.809607121217734,740.9407368682441,72.95711170561265,45.23809523809524,24.698024562274803,20.0,36.36899554923892
253,10.541666666666666,45.32290882872132,47.13502071985096,2,10,8,False,30.099752284551002,-21.874254182633262,733.2830643414745,72.72771982582307,45.55555555555556,24.442768811382486,20.0,36.32859113585421
254,10.583333333333334,47.04608041287392,47.12403056216138,2,10,8,False,30.35365603011759,-21.9372836169533,713.5372752765215,72.49766696622133,47.14285714285714,23.78457584255072,30.0,36.28919773940419
255,10.625,47.012109401698304,47.08968665429256,2,10,8,False,30.60827112865925,-21.998744513999384,705.8642924125379,72.26696957581231,47.460317460317455,23.528809747084598,30.0,36.250784678750385
256,10.666666666666666,46.790676691146714,47.02775160273013,2,10,8,False,30.863579974847344,-22.058684310651255,700.3907034794393,72.03564360613777,46.98412698412698,23.346356782647977,30.0,36.213322305842965
257,10.708333333333334,48.414122330078335,46.944901263324546,2,12,8,True,31.119565493906595,-22.117148846719328,1216.2828621943104,71.80370452802451,37.46031746031746,40.54276207314368,40.0,36.17678197080042
258,10.75,48.195532884551106,46.537161423652414,2,12,8,True,31.376211123759777,-22.174182419314914,1203.4595992637674,71.57116734776253,37.142857142857146,40.11531997545891,40.0,36.14113598792817
259,10.791666666666666,48.11898295030403,46.64832889753768,2,12,8,True,31.633500797784187,-22.229827835709,1195.24369953727,71.33804662272858,37.301587301587304,39.84145665124233,40.0,36.10635760268187
260,10.833333333333334,47.564677080164415,46.751945956103306,2,12,8,True,31.891418928162167,-22.284126464657515,1170.8506050061078,71.10435647647184,35.87301587301587,39.02835350020359,40.0,36.07242095958905
261,10.875,47.20127710314175,46.80162041046244,2,12,8,True,32.1499503898082,-22.337118286216946,1160.83800566656,70.87011061327686,34.92063492063492,38.69460018888534,40.0,36.0393010711144
262,10.916666666666666,46.91741825006091,46.5905221781606,2,12,8,True,32.409080504855076,-22.388841940050384,1127.0598583596857,70.63532233222006,34.76190476190476,37.56866194532286,40.0,36.00697378746851
263,10.958333333333334,40.505440813153555,46.39548207095262,2,11,8,False,32.66879502768182,-22.439334772230406,1096.2381155786024,70.40000454073547,16.03174603174603,36.54127051928675,30.0,35.975415767356
264,11.0,46.69072002455771,46.065601815744806,2,12,8,True,32.92908013046613,-22.48863288056489,1072.1779075820514,70.16416976770508,35.55555555555556,35.73926358606838,40.0,35.944604449646945
265,11.041666666666666,46.56631353150887,45.16650835088321,2,12,8,True,33.18992238924479,-22.536771158476153,1062.379577180085,69.92783017608897,35.55555555555556,35.41265257266951,40.0,35.914518025952404
266,11.083333333333334,47.64217386518351,44.829376992872426,2,11,7,False,33.45130877046496,-22.583783337422688,491.05577674165215,69.69099757511074,51.587301587301596,16.368525891388405,40.0,35.88513541411082
267,11.125,44.47893061407634,44.50674682344973,2,11,8,False,33.71322661801064,-22.629702027946315,641.7609188074111,69.45368343201231,42.22222222222222,21.392030626913705,30.0,35.856436232533554
268,11.166666666666666,44.45019540465089,44.19892926179059,2,11,8,False,33.975663640687834,-22.674558759309843,643.1855056160275,69.2158988833932,42.38095238095238,21.439516853867584,30.0,35.82840077543135
269,11.208333333333334,44.4555592675846,43.91341782564448,2,11,8,False,34.23860790015322,-22.718384017809285,643.5016341613373,68.97765474614785,42.698412698412696,21.450054472044574,30.0,35.8010099888692
270,11.25,37.40641130621192,44.15370129069931,2,10,8,False,34.50204779927088,-22.761207283766158,644.0346664495464,68.73896152801524,20.793650793650794,21.46782221498488,20.0,35.77424544764615
271,11.291666666666666,44.07340665417466,43.86461601153942,2,11,8,False,34.76597207088236,-22.803057067231816,637.010789342201,68.49982943775387,41.904761904761905,21.233692978073364,30.0,35.748089332980115
272,11.333333333333334,43.69311504709206,43.59002098928794,2,11,8,False,35.030369766975525,-22.843960942449236,631.6486337094648,68.26026839495552,40.79365079365079,21.05495445698216,30.0,35.72252441096923
273,11.375,43.50746636323196,43.23016983983086,2,11,8,False,35.295230248238276,-22.883945581101695,633.4769540484267,68.0202880395101,40.317460317460316,21.115898468280893,30.0,35.69753401181144
274,11.416666666666666,43.491281016307674,43.1204568172491,2,11,8,False,35.5605431739834,-22.923036784378475,629.5232467785227,67.77989774073461,40.63492063492063,20.984108225950756,30.0,35.673102009763454
275,11.458333333333334,43.38884239381157,43.299167362242436,2,11,8,False,35.82629849243124,-22.961259513893765,624.1996665311453,67.53910660617744,40.63492063492063,20.806655551038176,30.0,35.6492128038164
276,11.5,43.22169667463888,43.068321633464876,2,11,8,False,36.092486431337555,-22.998637921505452,621.8153706763751,67.29792349011021,40.317460317460316,20.727179022545837,30.0,35.6258512990591
277,11.541666666666666,43.271173264491225,43.96023408445797,2,11,8,False,36.35909748895388,-23.035195378050343,615.1440985145455,67.05635700171827,40.95238095238095,20.50480328381818,30.0,35.603002888718535
278,11.583333333333334,43.32396007169849,43.71477949392662,2,11,8,False,36.6261224253084,-23.07095450103086,625.0154169619163,66.81441551300077,41.269841269841265,20.833847232063878,30.0,35.58065343685571
279,11.625,43.162374343095244,43.54312496608019,2,11,8,False,36.89355225379588,-23.10593718131822,623.7657131662781,66.57210716639068,40.95238095238095,20.792190438875938,30.0,35.55878926167611
280,11.666666666666666,46.59472194457098,43.28065140361653,2,11,7,False,37.161378233065,-23.14016460885191,469.88147922923963,66.32943988210543,52.06349206349207,15.662715974307986,40.0,35.537397119467556
281,11.708333333333334,41.68541052225384,43.63501226297435,2,10,6,False,37.42959185919247,-23.173657297413342,488.9425794026938,66.08642136523761,26.34920634920635,16.298085980089795,50.0,35.51646418911666
282,11.75,48.109360718129146,43.75674826960136,2,11,7,False,37.69818485813341,-23.206435108497114,479.4251281702964,65.84305911259545,52.539682539682545,15.980837605676545,50.0,35.495978057189305
283,11.791666666666666,41.12795156779834,43.32528708314427,2,11,7,False,38.60981684503424,-78.76500366823166,474.426234495244,65.01706284766067,52.539682539682545,15.814207816508134,40.0,0.7718727073552145
284,11.833333333333334,41.63326071293495,42.84558516616398,2,11,7,False,39.7747511561279,-100.65032447849221,719.1173538090461,63.961558648944575,45.3968253968254,23.970578460301535,50.0,0.0
285,11.875,40.35778361366804,42.38264568404713,2,10,8,False,40.386689787919806,-52.87149778682085,939.4234755533298,63.40710352725917,32.38095238095238,31.314115851777665,40.0,16.95531388323697
286,11.916666666666666,47.74361132860143,41.538020499173705,2,11,8,False,40.10520696204577,24.320116155516736,938.0707661602278,63.66214477872474,32.698412698412696,31.26902553867426,40.0,65.20007259719796
287,11.958333333333334,44.84967447333581,40.35035995616268,2,11,8,False,40.03882891208214,5.735063516857781,654.9382200696909,63.72228749215674,39.682539682539684,21.83127400232303,30.0,53.584414698036106
288,12.0,38.04416243715372,41.10569052828705,2,11,8,False,40.77306309971912,-63.437833811834956,654.5529195780982,63.05702485845153,39.20634920634921,21.818430652603276,30.0,10.351353867603152
289,12.041666666666666,37.51475026072771,40.511371355016784,2,11,8,False,41.55134847605775,-67.24385651565763,646.4709420007639,62.35184906038138,39.523809523809526,21.549031400025463,30.0,7.972589677713985
290,12.083333333333334,37.76868628629627,40.30254200724068,2,12,8,True,42.3712576823761,-70.84015542590544,937.8335575633591,61.60895943854293,30.952380952380953,31.261118585445303,40.0,5.724902858809102
291,12.125,33.02687212461419,39.9894129331627,2,11,8,False,43.230422467936414,-74.2318374724114,915.6452391069797,60.830501777958986,20.634920634920633,30.52150797023266,30.0,3.6051015797428754
292,12.166666666666666,32.34279542843868,39.776033467372535,2,10,8,False,44.12654991825927,-77.42541170789494,927.108846893153,60.018553604235336,19.841269841269842,30.90362822977177,30.0,1.609117682565664
293,12.208333333333334,50.74937738774629,39.05213472700526,2,12,8,True,42.71760795085573,121.73258598366608,645.1826997952776,61.295144179497555,32.53968253968254,21.50608999317592,40.0,100.0
294,12.25,40.97753063888597,38.61072415024994,2,12,8,True,43.00676592596264,-24.983249049237042,635.2864553534582,61.03314875717108,33.33333333333333,21.176215178448608,40.0,34.38546934422685
295,12.291666666666666,38.621999394485144,38.6709462220671,2,11,8,False,43.37960533464569,-32.21332491021544,627.9496025755925,60.69533266096362,33.17460317460317,20.931653419186418,30.0,29.866671931115352
296,12.333333333333334,37.87571182399906,38.820365621715155,2,11,8,False,43.79611638324842,-35.98655459927577,627.6388226253803,60.31794729560418,32.06349206349206,20.921294087512678,30.0,27.508403375452644
297,12.375,37.79723002418609,38.92355937807113,2,11,8,False,44.2129888313239,-36.01777951372151,627.254190841124,59.94023447945437,32.22222222222222,20.908473028037466,30.0,27.488887803924055
298,12.416666666666666,39.05682644419415,39.05924463300151,2,11,8,False,44.459218537239934,-21.274246591145538,624.0547221265024,59.717134785361736,32.06349206349206,20.801824070883413,30.0,36.70359588053403
299,12.458333333333334,39.55274755227197,39.24183965865746,2,11,8,False,44.70752976460944,-21.454090044725287,652.80856224954,59.49214910112105,33.80952380952381,21.760285408318,30.0,36.5911937220467
300,12.5,38.766827298959726,37.88529597830187,2,11,8,False,45.013324903746515,-26.42070002144328,645.0551730737661,59.215079355443166,33.01587301587301,21.50183910245887,30.0,33.48706248659795
301,12.541666666666666,39.307783056504306,37.32680689320649,2,11,8,False,45.2217508392557,-18.00800082799342,646.5215795490567,59.02623226942616,32.22222222222222,21.55071931830189,30.0,38.74499948250411
302,12.583333333333334,39.00701136256798,37.31949660231009,2,11,8,False,45.430295486262466,-18.018257501384756,597.8968321566063,58.837277623280706,32.22222222222222,19.929894405220207,30.0,38.738589061634535
303,12.625,34.655095183778805,37.39052114182012,2,10,8,False,45.63895721743034,-18.02837357290416,594.6024722035618,58.648216891476615,21.11111111111111,19.820082406785392,20.0,38.7322665169349
304,12.666666666666666,34.53393573631004,37.45190583996996,2,10,8,False,45.84773443414269,-18.03835152394695,581.907591432755,58.45905152246171,21.11111111111111,19.396919714425167,20.0,38.72603029753316
305,12.708333333333334,34.4708532234792,37.406314490791246,2,10,8,False,46.056625565892574,-18.048193783190232,572.8952382857133,58.26978293921468,21.26984126984127,19.09650794285711,20.0,38.71987888550611
306,12.75,34.27566161774139,37.43143072095038,2,10,8,False,46.265629069687414,-18.057902727874147,569.2107076263146,58.0804125397844,20.793650793650794,18.97369025421049,20.0,38.71381079507866
307,12.791666666666666,38.534275903728314,37.51483943918533,2,11,8,False,46.47474342946824,-18.067480685063448,561.0528306105152,57.89094169781626,32.22222222222222,18.701761020350506,30.0,38.707824571835346
308,12.833333333333334,38.72800629811955,37.77304271180884,2,11,8,False,46.683967155542994,-18.07692993285873,563.7312313509228,57.70137176306551,33.17460317460317,18.79104104503076,30.0,38.701918791963294
309,12.875,38.53384640198414,38.02033221897788,2,10,8,False,46.89329878403366,-18.086252701593573,560.263639917177,57.51170406189827,32.698412698412696,18.6754546639059,30.0,38.69609206150402
310,12.916666666666666,38.50973025404952,38.62977985829763,2,10,8,False,47.10273687633669,-18.095451174981918,559.0622236168492,57.32193989778038,32.857142857142854,18.635407453894974,30.0,38.6903430156363
311,12.958333333333334,39.854142314181594,39.25321128045932,2,12,8,True,47.31228001859648,-18.104527491245836,831.5698693982586,57.13208055175449,33.01587301587301,27.71899564660862,30.0,38.68467031797135
312,13.0,39.767731917779145,39.31709439237712,2,12,8,True,47.52192682119149,-18.113483744208885,825.8529159917584,56.942127282905616,33.01587301587301,27.52843053305861,30.0,38.67907265986945
313,13.041666666666666,42.40622232798642,39.365109359976394,2,12,7,True,47.73167591823269,-18.122321984359406,811.151218313177,56.7520813288157,38.095238095238095,27.038373943772566,40.0,38.67354875977537
314,13.083333333333334,41.97448544859645,39.156331926859615,2,11,7,False,47.941525967073986,-18.131044219888032,410.9788043230401,56.561943906006995,44.60317460317461,13.69929347743467,40.0,38.66809736256998
315,13.125,41.9684668556158,38.944447089521724,2,11,7,False,48.151475647834346,-18.139652417695107,405.47713530067995,56.37171621037529,44.920634920634924,13.515904510022663,40.0,38.66271723894056
316,13.166666666666666,42.01511280225031,38.58598475558924,2,11,7,False,48.36152366293125,-18.14814850437233,402.5751100090274,56.18139941761242,45.3968253968254,13.419170333634248,40.0,38.657407184767294
317,13.208333333333334,35.23745056649278,38.19258109186966,2,11,6,False,49.46003474256605,-94.91135728044706,574.4206192164802,55.186078869621916,45.23809523809524,19.147353973882673,30.0,0.0
318,13.25,34.851841228932635,37.89046199731971,2,11,6,False,50.56407563867368,-95.38913342369895,565.2551143382689,54.185747958000064,45.07936507936508,18.84183714460896,30.0,0.0
319,13.291666666666666,36.028946706327055,37.71777041678369,2,11,7,False,51.67329190571542,-95.83628547240679,560.9774173271769,53.18072783283301,45.07936507936508,18.69924724423923,40.0,0.0
320,13.333333333333334,36.185388250064854,37.30558630520594,2,11,8,False,52.17651193404182,-43.47821044740063,758.6486470303635,52.724778645210655,34.6031746031746,25.288288234345448,30.0,22.826118470374606
321,13.375,34.23229839479426,37.0028534470618,2,10,8,False,52.67985476554564,-43.48882064193024,752.7361015708298,52.268718190139026,27.460317460317462,25.091203385694328,30.0,22.8194870987936
322,13.416666666666666,33.7888862894147,36.79630598764144,2,10,8,False,53.21698460897659,-46.40801847243379,740.0525494282638,51.78204456434048,27.61904761904762,24.66841831427546,30.0,20.994988454728883
323,13.458333333333334,36.22871317958209,36.46384825250028,2,11,8,False,53.650131856858984,-37.42392221703897,733.9073023418896,51.38958574975464,34.6031746031746,24.463576744729654,30.0,26.610048614350646
324,13.5,37.69543295134691,36.69017632791972,2,11,8,False,54.08328911595846,-37.42478718619454,727.0060241799179,50.99711786437264,35.079365079365076,24.233534139330594,40.0,26.609508008628413
325,13.541666666666666,37.46001298905344,36.93518845850977,2,11,8,False,54.53272438325527,-38.83120709444468,714.852396577262,50.58990107354989,35.3968253968254,23.828413219242066,40.0,25.730495565972078
326,13.583333333333334,38.34169115086682,37.07174777755534,2,11,8,False,54.87219562461708,-29.330315253660093,715.628236563999,50.28231864835344,35.714285714285715,23.8542745521333,40.0,31.668552966462443
327,13.625,39.489897342571425,37.1930112029726,2,11,8,False,55.21184250317438,-29.34549030735102,948.1454851051658,49.97457708474416,36.03174603174603,31.604849503505527,40.0,31.659068557905613
328,13.666666666666666,38.02561998055641,37.46814119456861,2,11,8,False,55.55166179735174,-29.360387016923916,705.7892247369382,49.66667930167328,35.3968253968254,23.526307491231275,40.0,31.649758114422553
329,13.708333333333334,37.953387471526085,37.77713969198612,2,11,8,False,55.89165036230627,-29.37501201207149,710.1000107762429,49.358628148567426,35.3968253968254,23.6700003592081,40.0,31.640617492455313
330,13.75,37.791986796013234,37.87156255057908,2,10,8,False,56.23180512770473,-29.389371730426888,704.5177328028203,49.05042640734282,35.23809523809524,23.483924426760677,40.0,31.631642668483195
331,13.791666666666666,37.667658534873844,37.81828844604544,2,10,8,False,56.57212309557558,-29.40347242404105,698.4174453596952,48.742076794351355,35.23809523809524,23.28058151198984,40.0,31.622829734974346
332,13.833333333333334,37.640549355072004,37.77217053072833,2,10,8,False,56.91260133823334,-29.41732016563044,695.8919286065138,48.43358196226133,35.55555555555556,23.196397620217127,40.0,31.614174896480975
333,13.875,37.533858293946366,37.52365870970748,2,10,8,False,57.25323699627235,-29.430920854570672,693.3269769221829,48.12494450187521,35.55555555555556,23.110899230739427,40.0,31.60567446589333
334,13.916666666666666,37.496868258424854,37.597802395307056,2,10,8,False,57.59402727662744,-29.444280222680117,688.8330955762221,47.816166943886785,35.87301587301587,22.96110318587407,40.0,31.597324860824926
335,13.958333333333334,37.36178748269753,37.57244261503545,2,11,8,False,57.93496945069885,-29.457403839769654,688.5344271860968,47.50725176058008,35.714285714285715,22.951147572869893,40.0,31.589122600143966
336,14.0,37.05614369694329,37.97009124818979,2,11,8,False,58.2760608525391,-29.47029711899779,685.8729822897876,47.1982013674722,34.92063492063492,22.86243274299292,40.0,31.581064300626384
337,14.041666666666666,36.906598005248114,38.36760779829983,2,11,8,False,58.617298877099394,-29.48296532200909,674.7523673114138,46.889018124902215,34.92063492063492,22.491745577047126,40.0,31.57314667374432
338,14.083333333333334,35.3595492986166,38.7657485501614,2,10,7,False,58.95868097853346,-29.49541356390314,661.9126354184609,46.57970433956792,29.365079365079367,22.063754513948698,40.0,31.565366522560534
339,14.125,40.379621569766364,39.02400137259924,2,11,7,False,59.1448808192166,-16.0876662350237,648.4638813044717,46.41099550185086,38.88888888888889,21.615462710149057,50.0,39.94520860311018
340,14.166666666666666,37.72130261729711,39.28956213474385,2,11,8,False,59.342131466180376,-17.042455897670038,643.8383894457002,46.23227393438817,34.92063492063492,21.461279648190004,40.0,39.348465063956226
341,14.208333333333334,42.72517106937815,39.808933848043104,2,13,8,True,59.539852948687184,-17.083136088588162,452.9491207224655,46.05312576013071,46.98412698412698,15.098304024082184,60.0,39.3230399446324
342,14.25,42.5621853973337,40.486773180931955,2,12,8,True,59.73804059161059,-17.12341234858243,455.69092270350484,45.87355521503884,46.507936507936506,15.189697423450161,60.0,39.29786728213598
343,14.291666666666666,42.44534755721274,41.180372155061654,2,12,8,True,59.936689770709684,-17.163289074161593,451.8068747847137,45.69356648896745,46.34920634920635,15.060229159490458,60.0,39.272944328649004
344,14.333333333333334,40.739583224326054,41.880762180736575,2,12,8,True,60.13579591214733,-17.20277062021262,453.9644847137679,45.5131637261024,45.714285714285715,15.132149490458929,50.0,39.248268362367114
345,14.375,40.72058743968167,42.48752161694551,2,11,8,False,60.33535449200855,-17.24186130000926,453.8105321369003,45.33235102539691,45.87301587301587,15.127017737896676,50.0,39.22383668749421
346,14.416666666666666,43.72932881801587,42.65876081836743,2,11,7,False,60.53536103581937,-17.280565385255045,338.58619589403315,45.151132441007526,54.44444444444444,11.286206529801106,60.0,39.1996466342156
347,14.458333333333334,45.49585947736379,43.03750566604708,2,12,7,True,60.73581111806626,-17.31888710613116,316.20650022513473,44.969511982729536,56.19047619047619,10.540216674171157,70.0,39.175695558668025
348,14.5,45.379331386499665,42.9986827388777,2,12,7,True,60.93670036171636,-17.356830651368888,312.46993343989743,44.78749361643168,56.03174603174603,10.415664447996582,70.0,39.151980842894446
349,14.541666666666666,45.311278313347145,42.95957737380444,2,13,7,True,61.13802443773879,-17.394400168338006,310.50848836907244,44.60508126448987,56.03174603174603,10.35028294563575,70.0,39.128499894788746
350,14.583333333333334,42.64066253312389,42.79599258745383,2,12,8,True,61.33977906462697,-17.431599763138276,421.3843055564539,44.42227880621997,49.36507936507937,14.046143518548462,60.0,39.10525014803857
351,14.625,42.434491986829414,42.768152955438474,2,11,8,False,61.54196000792234,-17.46843350072036,423.5781842978904,44.239090078309374,48.73015873015873,14.119272809929681,60.0,39.08222906204978
352,14.666666666666666,42.26624078945295,42.73837498922714,2,11,8,False,61.74456307973955,-17.504905405006777,425.43558902122095,44.05551887524722,48.25396825396825,14.181186300707365,60.0,39.059434121870765
353,14.708333333333334,42.259295943345386,42.458293131798996,2,11,8,False,61.94758413829325,-17.541019459039855,427.8242459059675,43.871568949753105,48.41269841269841,14.260808196865582,60.0,39.03686283810009
354,14.75,42.09292101645471,42.01605863347351,2,11,8,False,62.15101908742661,-17.576779605122308,430.0887832693297,43.68724401320431,47.93650793650794,14.336292775644324,60.0,39.01451274679856
355,14.791666666666666,40.482330121005425,41.578841229601714,2,11,8,False,62.354863876141785,-17.612189744990975,443.5258447401211,43.5025477360612,47.460317460317455,14.784194824670704,50.0,38.99238140938064
356,14.833333333333334,40.40550764014182,41.18904266234953,2,11,8,False,62.55911449813239,-17.647253739988106,431.98612980330654,43.3174837482909,47.61904761904761,14.399537660110218,50.0,38.970466412507434
357,14.875,40.36325184514558,40.89098925235989,2,11,8,False,62.763766991318036,-17.68197541124,435.31168865015024,43.1320556397889,47.61904761904761,14.510389621671674,50.0,38.948765367975
358,14.916666666666666,40.368346528878206,40.68565293585665,2,11,8,False,62.96881743738126,-17.71635853986268,440.1861218612503,42.946266960798795,47.77777777777778,14.672870728708343,50.0,38.92727591258583
359,14.958333333333334,40.18904549745804,40.49269248977077,2,11,8,False,63.17426196130666,-17.75040686715463,432.0060818951015,42.760121222329715,47.460317460317455,14.400202729836717,50.0,38.90599570802836
360,15.0,40.13272254003798,40.25478066744041,2,11,8,False,63.38009673092259,-17.784124094816004,432.5636479752229,42.57362189657168,47.460317460317455,14.418788265840766,50.0,38.88492244073999
361,15.041666666666666,40.63369550632094,40.033369333432326,2,11,8,False,63.58631795644542,-17.817513885172662,435.07145903298624,42.38677241730845,43.65079365079365,14.502381967766208,60.0,38.86405382176709
362,15.083333333333334,39.06402161324818,39.9566842376799,2,10,8,False,63.79292189002633,-17.850579861390454,440.92494962784076,42.1995761803282,43.492063492063494,14.697498320928027,50.0,38.84338758663096
363,15.125,39.970456188790585,39.86913323084418,2,11,8,False,63.99990482530102,-17.88332560773365,435.6655272573589,42.01203654383151,47.460317460317455,14.522184241911965,50.0,38.82292149516647
364,15.166666666666666,39.95071543642233,39.78296406703974,2,11,8,False,64.20726309694207,-17.91575466978659,443.598204596874,41.82415682883697,47.460317460317455,14.7866068198958,50.0,38.80265333138338
365,15.208333333333334,39.40435407538104,39.697141230372864,2,11,8,False,64.41499308021423,-17.947870554714566,473.20522277031614,41.635940319584066,44.920634920634924,15.773507425677206,50.0,38.78258090330339
366,15.25,39.43598500835776,39.60728015527123,2,11,7,False,64.62309119053279,-17.979676731523522,475.56776264685504,41.44739026393336,45.23809523809524,15.852258754895168,50.0,38.7627020427978
367,15.291666666666666,39.5621089719764,39.77836742907818,2,11,7,False,64.8315538830248,-18.011176631309308,488.9064780921999,41.25850987376406,45.714285714285715,16.29688260307333,50.0,38.74301460543168
368,15.333333333333334,39.354895558113114,40.16502356453864,2,11,7,False,65.04037765209347,-18.042373647533307,483.21071608699094,41.06930232536866,45.23809523809524,16.107023869566365,50.0,38.72351647029168
369,15.375,39.32922187949233,40.54290372039806,2,11,7,False,65.24955903098572,-18.073271136290714,482.0906942719557,40.879770759844845,45.3968253968254,16.069689809065192,50.0,38.704205539818304
370,15.416666666666666,39.338472488875624,40.8367270650269,2,11,8,False,65.45909459136294,-18.10387241659173,495.90573873589165,40.6899182834843,45.3968253968254,16.530191291196388,50.0,38.68507973963017
371,15.458333333333334,39.11071259623849,41.13563604439181,2,11,8,False,65.66898094287495,-18.134180770637794,486.1417845758806,40.49974796815885,44.920634920634924,16.204726152529354,50.0,38.66613701835138
372,15.5,42.18576982572134,41.289562007020905,2,11,7,False,65.87921473273725,-18.16419944410277,392.51026695232576,40.309262851703366,53.333333333333336,13.083675565077527,60.0,38.64737534743577
373,15.541666666666666,45.27356913184651,41.626362460113526,2,11,6,False,66.08979264531172,-18.19393164643375,269.6944693945661,40.11846593829582,62.38095238095238,8.989815646485537,70.0,38.62879272097891
374,15.583333333333334,43.5985834835612,42.01364362404249,2,11,5,False,66.3007114016905,-18.22338055112732,222.90632725868454,39.92736019883418,62.857142857142854,7.4302109086228185,60.0,38.610387155545425
375,15.625,43.496336324336674,43.29381757788358,2,11,5,False,66.51196775928348,-18.25254929603284,222.42501496869772,39.735948571310296,62.698412698412696,7.414167165623257,60.0,38.592156689979475
376,15.666666666666666,43.5376231888013,43.92658482142241,2,11,5,False,66.72355851140914,-18.28144098365692,218.9174598028385,39.54423396118051,63.17460317460317,7.297248660094617,60.0,38.574099385214424
377,15.708333333333334,41.25146562693015,45.25686389021903,2,11,6,False,66.93548048688882,-18.310058681444616,488.0291267146713,39.35221924173335,48.888888888888886,16.26763755715571,60.0,38.556213324097115
378,15.75,43.47759044546921,46.28745323574435,2,11,6,False,66.87785578614061,4.978774144645058,485.5192694870575,39.40443086689562,49.047619047619044,16.183975649568584,60.0,53.11173384040316
379,15.791666666666666,44.20948293912391,47.118408461695104,2,11,7,False,66.73177639928808,12.621259024058963,488.59625459340896,39.53678803476372,48.888888888888886,16.286541819780297,60.0,57.888286890036845
380,15.833333333333334,54.716983004206305,46.409361986381036,2,11,6,False,57.36462745414791,809.3216688601109,222.2729992396453,48.02401769865128,60.79365079365079,7.4090999746548425,60.0,100.0
381,15.875,46.92242880195822,46.1628089443005,2,11,7,False,57.36647808060433,-0.15989412583501236,1053.762368031253,48.022340913980756,49.047619047619044,35.12541226770843,50.0,49.90006617135312
382,15.916666666666666,55.301821314435145,45.85176155214956,2,11,6,False,55.03554287413696,201.39280183878105,228.49579682188778,50.1343157042603,60.476190476190474,7.616526560729593,60.0,100.0
383,15.958333333333334,51.477784742542326,46.846860810810675,2,10,7,False,52.71838816160288,200.20216716294422,621.8461391225628,52.233804495056056,40.79365079365079,20.72820463741876,50.0,100.0
384,16.0,52.15723253713025,48.14137378125329,2,10,7,False,50.41691402785228,198.84736515605206,624.6823184512104,54.319085689263204,40.95238095238095,20.82274394837368,50.0,100.0
385,16.041666666666668,36.76501142807774,49.34821422916531,2,10,7,False,52.525770688018696,-182.20521543837842,645.0105352675091,52.408328114266254,41.269841269841265,21.50035117558364,50.0,0.0
386,16.083333333333332,40.63994697859473,50.495366375915545,2,11,6,False,54.64517249402917,-183.11631603930482,227.27986609784057,50.488015969875576,61.42857142857143,7.575995536594686,60.0,0.0
387,16.125,39.76376761852549,49.56226047187747,2,9,6,False,56.77393849018653,-183.9253820679961,231.26385916782328,48.55921927667946,60.15873015873016,7.70879530559411,60.0,0.0
388,16.166666666666668,55.47881429273458,48.74546142558565,2,10,6,False,54.63155199194925,185.10219344770093,226.05889846738683,50.500357006616504,60.79365079365079,7.53529661557956,60.0,100.0
389,16.208333333333332,56.78562127224161,47.241502613895115,2,10,6,False,52.524938176056644,182.01143369312135,128.4523249544045,52.40908242278224,59.682539682539684,4.281744165146817,70.0,100.0
390,16.25,57.95967582041343,47.83294862060452,2,10,6,False,50.4585777022702,178.53354493514894,131.8804150733231,54.28133576391267,62.06349206349206,4.3960138357774365,70.0,100.0
391,16.291666666666668,57.97530870012662,48.49753855476098,2,10,6,False,48.43762249596333,174.6105298249132,128.31479644787578,56.112449059624126,60.0,4.27715988159586,70.0,100.0
392,16.333333333333332,43.51971215574956,50.311731527087254,2,6,5,False,45.17958047338983,281.4948307503509,125.15531887186808,59.06444128929015,22.6984126984127,4.171843962395603,30.0,100.0
393,16.375,37.12084024645628,49.97387466323292,2,7,5,False,45.19664855996723,-1.4746826802876285,112.05436135062973,59.04897652284371,27.936507936507937,3.7351453783543245,30.0,49.07832332482023
394,16.416666666666668,37.25431557414885,49.60918516445488,2,6,5,False,45.213892333959755,-1.4898620729542245,108.22544577729332,59.033352572482315,28.57142857142857,3.6075148592431105,30.0,49.06883620440361
395,16.458333333333332,58.57513682305512,47.94429697432728,2,6,5,False,45.23131159443267,-1.5050241048596718,84.73207190089306,59.01756962026552,96.34920634920636,2.8244023966964353,60.0,49.059359934462705
396,16.5,60.1323117470077,46.20691514416162,2,6,5,False,45.24890613871732,-1.5201686261936176,89.47101475640738,59.00162784982397,96.5079365079365,2.982367158546913,70.0,49.04989460862899
397,16.541666666666668,58.53532709599307,44.4332910353674,2,6,5,False,45.26667576242237,-1.5352954881169125,79.26024535954093,58.98552744634913,96.34920634920636,2.6420081786513645,60.0,49.04044031992692
398,16.583333333333332,36.585664612342725,42.65128580735783,2,9,5,False,45.284620259445056,-1.5504045427597704,92.1738759772852,58.96926859658317,20.317460317460316,3.0724625325761736,40.0,49.030997160775144
399,16.625,35.387493633188946,42.220293113875805,2,8,5,False,45.302739421982444,-1.5654956432303606,82.37909331825176,58.95285148880867,21.746031746031747,2.7459697772750586,30.0,49.021565222981025
400,16.666666666666668,35.500156011203465,42.199589927320496,2,8,5,False,45.321033040542886,-1.5805686436221777,82.37917442719754,58.93627631283833,22.22222222222222,2.745972480906585,30.0,49.01214459773614
401,16.708333333333332,35.93703931025371,42.16386334306298,2,9,6,False,45.36716345817971,-3.9856680838216336,82.43863846113163,58.89447923549199,24.92063492063492,2.7479546153710546,30.0,47.50895744761148
402,16.75,36.67618651488271,43.688941731616204,2,9,6,False,45.35595060487517,0.9687905255124406,81.20685163017879,58.90463879009504,26.031746031746035,2.706895054339293,30.0,50.605494078445275
403,16.791666666666668,36.59124596401178,44.42641685243536,2,9,6,False,45.36021660985832,-0.36858283054425556,81.58990017268297,58.900773519642826,26.190476190476193,2.7196633390894327,30.0,49.76963573090984
404,16.833333333333332,38.34779983396527,45.32679323119456,2,10,6,False,45.17170910421734,16.287048487380456,78.613571514883,59.07157324783243,26.825396825396826,2.6204523838294334,30.0,60.179405304612786
405,16.875,36.87240200779268,47.39141987323288,2,10,6,False,45.16568934234416,0.5201074258430481,78.83689407422935,59.077027532998486,26.825396825396826,2.6278964691409783,30.0,50.325067141151905
406,16.916666666666668,36.825596563058625,49.35615424287321,2,10,6,False,45.145462724213296,1.7475798065065646,85.04364191885179,59.095354128892886,26.031746031746035,2.8347880639617262,30.0,51.09223737906661
407,16.958333333333332,76.87607748569374,51.361593756168396,2,13,6,True,22.15749893523282,1986.1600713679131,79.78126208197409,79.9239039176129,90.0,2.65937540273247,100.0,100.0
408,17.0,68.98201319683761,52.011861837876296,2,13,6,True,22.209876772562954,-4.525445145323579,80.73145094322444,79.8764462827101,90.15873015873017,2.691048364774148,100.0,47.17159678417276
409,17.041666666666668,69.33984364110343,52.56910847626698,2,13,6,True,22.222355337519748,-1.078148012267002,80.40259278205258,79.8651399132604,90.31746031746032,2.6800864260684194,100.0,49.326157492333124
410,17.083333333333332,61.36118431680259,53.166195322358874,2,8,4,False,22.249767395049037,-2.368401770530636,40.51193956755196,79.84030285460219,65.71428571428571,1.3503979855850654,90.0,48.51974889341835
411,17.125,58.96430606887285,53.62560820900925,2,8,5,False,22.277449345134112,-2.391720487350472,124.98317373023337,79.81522125621059,60.476190476190474,4.166105791007779,80.0,48.505174695405955
412,17.166666666666668,59.565430170745785,54.20729595272805,2,7,5,False,22.30540018293059,-2.414952385615709,223.35358204811132,79.78989602853821,60.952380952380956,7.44511940160371,80.0,48.49065475899018
413,17.208333333333332,43.74025629074854,54.804810976235245,2,9,6,False,22.333618898888243,-2.4380970587412207,76.15986107698791,79.76432808630143,30.634920634920636,2.538662035899597,30.0,48.47618933828674
414,17.25,43.36314617557087,52.05175588175417,2,9,6,False,22.362104478901593,-2.461154113153373,82.08382145420728,79.738518348344,29.04761904761905,2.7361273818069094,30.0,48.46177867927914
415,17.291666666666668,43.75628811711448,49.969447829880274,2,10,6,False,22.3908559044597,-2.484123168220344,75.40432889441308,79.71246773750126,30.793650793650794,2.5134776298137695,30.0,48.44742301986228
416,17.333333333333332,43.860754473769795,47.8578430445732,2,10,6,False,22.419872152795147,-2.5070038561827572,74.49452273741008,79.68617718046521,31.26984126984127,2.4831507579136693,30.0,48.43312258988578
417,17.375,43.85265493241831,46.41982323796958,2,10,6,False,22.44915219703219,-2.529795822080621,74.89373819659522,79.65964760765026,31.26984126984127,2.496457939886507,30.0,48.41887761119962
418,17.416666666666668,43.99577684514502,45.081070480316704,2,10,6,False,22.478695006334014,-2.5524987236775134,73.80382767627634,79.63287995305978,31.9047619047619,2.4601275892092116,30.0,48.404688297701554
419,17.458333333333332,43.83941635192082,43.78120381867031,2,10,6,False,22.508499546049055,-2.5751122313795465,76.32205198125303,79.60587515415358,31.26984126984127,2.5440683993751008,30.0,48.39055485538778
420,17.5,43.99431657435078,45.77711954187788,2,10,6,False,22.53856477785642,-2.5976360281561712,77.61284605702713,79.57863415171606,31.9047619047619,2.5870948685675708,30.0,48.37647748240239
421,17.541666666666668,44.0005862174186,47.813423011765366,2,10,6,False,22.56888965991025,-2.6200698094511607,80.93598378930346,79.55115788972552,31.9047619047619,2.697866126310115,30.0,48.362456369093024
422,17.583333333333332,44.10494663755913,49.69358315284561,2,10,6,False,22.599473146983144,-2.642413283097892,80.08011860884653,79.5234473152241,32.38095238095238,2.669337286961551,30.0,48.34849169806382
423,17.625,42.89927297703836,51.55567533244177,2,10,6,False,22.630314190608463,-2.6646661692275644,87.0710103734782,79.49550337818894,27.460317460317462,2.9023670124492735,30.0,48.33458364423278
424,17.666666666666668,43.967030230989,53.41247796513492,2,10,5,False,22.661411739221634,-2.6868282001780357,72.56984989229295,79.46732703140404,32.06349206349206,2.418994996409765,30.0,48.32073237488873
425,17.708333333333332,67.69124496923945,55.2715329112342,2,13,6,True,22.692764738300266,-2.7088991203937556,100.4834763130425,79.43891923033347,84.44444444444444,3.3494492104347504,100.0,48.3069380497539
426,17.75,67.79878781422063,54.2158257581159,2,13,6,True,22.724372130503188,-2.730878686332449,100.3129362014015,79.4102809329952,84.92063492063492,3.343764540046717,100.0,48.29320082104222
427,17.791666666666668,66.31820981007753,53.60448210744854,2,12,6,True,22.75623285580833,-2.752766666364437,99.99059863870889,79.38141309983632,79.04761904761905,3.3330199546236297,100.0,48.27952083352223
428,17.833333333333332,66.20586062892357,53.14591075478669,2,12,7,True,22.78208807647785,-2.233891065846524,100.94346460137103,79.3579866338841,78.41269841269842,3.3647821533790347,100.0,48.60381808384592
429,17.875,66.13428652473604,52.90290463127959,2,12,7,True,22.82563657861301,-3.762590584477789,101.78620577683387,79.3185289353566,78.73015873015873,3.3928735258944624,100.0,47.64838088470138
430,17.916666666666668,66.30443619833656,52.76557229153631,2,12,7,True,22.843047974526897,-1.5043446069597282,102.3570859407032,79.30275310892793,78.57142857142857,3.411902864690107,100.0,49.05978462065016
431,17.958333333333332,31.170930514501148,52.532200672258256,2,9,6,False,46.3204023557325,-2028.443418536164,82.49776445273255,58.03078447677046,35.3968253968254,2.7499254817577516,30.0,0.0
432,18.0,36.6581927663425,50.31882082515353,2,9,6,False,46.58953796922457,-23.253317005715303,82.96209480472953,57.78693058101025,36.34920634920635,2.765403160157651,30.0,35.466676871427936
433,18.041666666666668,38.497729985476376,48.291620168953166,2,9,5,False,46.85987628329557,-23.357230335734176,32.59389576396006,57.54198696242297,39.04761904761905,1.0864631921320023,40.0,35.40173104016614
434,18.083333333333332,41.188873155473935,46.519432693025074,2,10,5,False,47.131396602443196,-23.459355574354912,39.87920576734905,57.29597237244322,50.0,1.329306858911635,40.0,35.33790276602818
435,18.125,41.25128490011902,44.30742834019173,2,10,4,False,47.4040786158628,-23.55972595945384,37.32149718081928,57.0489052139452,50.63492063492063,1.2440499060273094,40.0,35.27517127534135
436,18.166666666666668,41.16657079965233,42.08037121065749,2,10,5,False,47.677902391486214,-23.658374213862864,45.05093983223469,56.80080354664392,50.476190476190474,1.501697994407823,40.0,35.21351611633571
437,18.208333333333332,41.130686803982705,39.83764261594298,2,10,5,False,47.95284837000146,-23.75533254371744,46.70270869439173,56.55168509251366,50.63492063492063,1.5567569564797243,40.0,35.1529171601766
438,18.25,43.47237993981629,40.856315597165235,2,9,5,False,47.94130770224355,0.9971136942836892,50.305574384144165,56.562141667754396,50.63492063492063,1.676852479471472,40.0,50.6231960589273
439,18.291666666666668,45.05196009894039,41.40693829108486,2,8,5,False,47.912162804128556,2.518119197135366,51.991341590903176,56.5885487896312,50.317460317460316,1.7330447196967727,50.0,51.573824498209596
440,18.333333333333332,39.661808394923405,41.77337604236771,2,8,6,False,47.86829607822808,3.790085117801368,103.28243356687744,56.628294819026124,39.20634920634921,3.442747785562581,30.0,52.368803198625855
441,18.375,39.40960097032523,44.44576876160346,2,8,6,False,47.82446318856911,3.7871616665345984,106.06839661690537,56.668010190645205,38.095238095238095,3.5356132205635125,30.0,52.366976041584124
442,18.416666666666668,39.391693061762496,46.466074752395336,2,8,6,False,47.78066422827345,3.7842301695450717,108.09721064128098,56.7076948201142,37.93650793650794,3.603240354709366,30.0,52.36514385596567
443,18.458333333333332,43.39500628916811,48.598565938770086,2,8,6,False,47.736899290732424,3.781290603544767,130.2452686324059,56.747348622814656,47.460317460317455,4.34150895441353,40.0,52.36330662721548
444,18.5,43.26566509337808,50.52248848960257,2,9,6,False,47.69316846960748,3.7783429451953228,133.8009563503606,56.78697151388338,46.82539682539682,4.460031878345353,40.0,52.36146434074708
445,18.541666666666668,42.89498300087053,52.112263542249366,2,9,6,False,47.68726652756588,0.5099277923939326,136.49948586028768,56.79231904682679,46.507936507936506,4.549982862009589,40.0,50.31870487024621
446,18.583333333333332,73.25758578630301,53.833053734964274,2,12,8,True,22.364250321595758,2187.908600195819,111.76715696013616,79.73657407908186,81.11111111111111,3.7255718986712054,90.0,100.0
447,18.625,65.49495678962138,55.5244404791836,2,12,8,True,22.400002177590295,-3.088960357927988,111.16646302526988,79.70418063530158,81.26984126984127,3.705548767508996,90.0,48.06939977629501
448,18.666666666666668,66.7564650361493,57.185032356385044,2,12,6,True,22.48230339566363,-7.11082524153627,103.66974589398797,79.62961052400121,82.06349206349206,3.455658196466266,100.0,45.55573422403983
449,18.708333333333332,64.2177574139726,58.844864033039244,2,11,7,False,22.565046045942314,-7.148964984078134,107.49075258915354,79.55464044719058,77.93650793650794,3.583025086305118,90.0,45.531896884951166
450,18.75,62.54968057157789,60.14463098949452,2,11,8,False,22.648225290263582,-7.186686709357594,110.85063772359263,79.47927478855125,77.3015873015873,3.695021257453088,80.0,45.50832080665151
451,18.791666666666668,65.70144241151927,61.40950230345047,2,11,6,False,22.731836335936055,-7.223994346101688,106.76539809746373,79.40351789056488,78.0952380952381,3.558846603248791,100.0,45.48500353368644
452,18.833333333333332,59.95844932555542,62.66663098377571,2,4,3,False,22.815874435822973,-7.260891830229707,3.1097785822603328,79.32737405443777,87.3015873015873,0.10365928607534443,50.0,45.46194260610643
453,18.875,59.336703496742395,61.89954733217282,2,3,3,False,22.900334888400813,-7.297383102725383,3.0840340899703733,79.25084754004772,84.92063492063492,0.10280113633234578,50.0,45.43913556079664
454,18.916666666666668,59.30967318161288,61.77386546196153,2,3,3,False,22.9852130377942,-7.333472107588579,2.9689383533695946,79.17394256591243,84.92063492063492,0.0989646117789865,50.0,45.41657993275714
455,18.958333333333332,58.99220976663148,61.72575720288298,2,8,5,False,23.070504273788018,-7.36916278986588,57.48062375223708,79.09666330917851,76.66666666666667,1.916020791741236,60.0,45.394273256333825
456,19.0,58.44412086084962,59.370580971617215,2,8,4,False,23.15620403181764,-7.404459093759431,48.42170774485567,79.01901390563033,74.76190476190476,1.6140569248285224,60.0,45.372213066400356
457,19.041666666666668,57.98052716477331,57.169606513280335,2,8,4,False,23.242307792938156,-7.439364960812543,48.339968193169625,78.94099844971795,73.01587301587301,1.611332273105654,60.0,45.35039689949216
458,19.083333333333332,64.05258196706833,54.710596329626206,2,11,7,False,23.328811083773417,-7.473884328166491,106.19605219218329,78.86262099460319,78.25396825396825,3.5398684064061094,90.0,45.32882229489594
459,19.125,63.986774347085905,52.71008148249245,2,11,7,False,23.41570947644583,-7.508021126896518,106.33522765118505,78.78388555222335,78.0952380952381,3.5445075883728347,90.0,45.30748679568967
460,19.166666666666668,66.1791659272066,50.76311441169696,2,12,7,True,23.502998588487603,-7.5417792804092185,107.33473372765229,78.70479609337156,80.95238095238095,3.57782445758841,100.0,45.28638794974424
461,19.208333333333332,35.955642638783424,48.82617234506045,1,7,9,False,88.70987406013282,11.143959421792124,1171.4515037342617,19.623240858841452,26.666666666666668,39.048383457808725,60.0,56.96497463862007
462,19.25,36.13798707153531,49.269991187294686,1,7,9,False,88.58089415723293,11.143863610550126,1177.100825731125,19.740104812254422,27.142857142857142,39.2366941910375,60.0,56.964914756593835
463,19.291666666666668,36.193320207669686,49.76073991006831,1,7,9,False,88.45191536811056,11.143767380172859,1181.1574806219687,19.8569677565145,27.142857142857142,39.371916020732286,60.0,56.96485461260804
464,19.333333333333332,35.95227115995036,49.89203931733177,1,7,9,False,88.32293769764507,11.143670728218195,1173.5568150801319,19.97382968720065,26.190476190476193,39.11856050267106,60.0,56.96479420513637
465,19.375,35.97309864719663,49.51138204984752,1,7,8,False,88.19396115074434,11.14357365222313,1178.6489858808782,20.090690599866036,26.031746031746035,39.28829952936261,60.0,56.96473353263946
466,19.416666666666668,36.066368381974655,49.12737982163993,1,7,9,False,88.06498573234495,11.143476149707476,1206.1661834713614,20.207550490037796,25.71428571428571,40.20553944904538,60.0,56.96467259356718
467,19.458333333333332,64.3180358734424,48.561582922052715,2,11,7,False,24.124603867178198,-7.767811570593074,104.88568308857339,78.14158237792519,80.31746031746032,3.4961894362857793,90.0,45.145117768379336
468,19.5,64.33310553413304,50.17227128611875,2,11,7,False,24.21486637194354,-7.798680411725513,105.44891050972547,78.05979883712021,80.47619047619048,3.5149636836575153,90.0,45.125824742671554
469,19.541666666666668,59.55612005193492,50.30137180226459,2,10,7,False,24.305482174524016,-7.829205342953162,106.3440263831244,77.9776951861393,67.46031746031747,3.5448008794374797,80.0,45.106746660654274
470,19.583333333333332,59.48469475725729,50.33728628596548,2,10,7,False,24.396447338154324,-7.859390137658624,105.50665193673467,77.89527499194094,67.3015873015873,3.5168883978911554,80.0,45.08788116396336
471,19.625,59.37874760859478,52.1522901355736,2,10,7,False,24.487757969499363,-7.889238548211324,105.71388836358665,77.81254178213305,66.98412698412697,3.5237962787862216,80.0,45.06922590736792
472,19.666666666666668,59.38960313216009,54.365971807057555,2,10,7,False,24.579410218400913,-7.91875430509391,105.48446979751316,77.72949904520264,67.14285714285714,3.516148993250438,80.0,45.050778559316306
473,19.708333333333332,55.283903007575866,56.55313647201668,2,4,5,False,24.671400277614822,-7.9479411160817675,32.749769310762986,77.6461502307538,64.28571428571429,1.0916589770254328,60.0,45.032536802448895
474,19.75,37.687193265285515,55.328930821129376,2,3,5,False,24.763724382539156,-7.9768026654624355,33.25377804927666,77.56249874975411,0.0,1.108459268309222,50.0,45.014498334085985
475,19.791666666666668,36.624294012080234,54.101608849080584,2,3,6,False,24.85637881093393,-8.005342613308427,126.24609792826868,77.47854797478853,0.0,4.208203264275623,40.0,44.996660866682234
476,19.833333333333332,57.73231735524784,53.270767250111554,2,9,7,False,24.949359882632983,-8.033564594798248,104.22838357646015,77.39430124032043,66.98412698412697,3.4742794525486715,70.0,44.979022128251096
477,19.875,62.537278705004006,50.313335492965145,2,10,7,False,25.042663959248355,-8.061472219568111,104.14961866711383,77.30976184295957,80.31746031746032,3.4716539555704613,80.0,44.96157986276993
478,19.916666666666668,62.312344361484264,47.49655428255613,2,10,7,False,25.13628744386781,-8.089069071121049,104.45245868573693,77.22493304173601,79.52380952380952,3.4817486228578978,80.0,44.944331830549345
479,19.958333333333332,49.62756806279464,44.71817284876612,2,7,6,False,25.230226780745877,-8.116358706264874,138.19514368747423,77.13981805838014,52.22222222222223,4.606504789582474,40.0,44.927275808584454
480,20.0,49.60524186954768,44.33386272301842,2,7,6,False,25.324478454988885,-8.143344654595888,139.35977041561364,77.05442007760807,52.22222222222223,4.645325680520455,40.0,44.91040959087756
481,20.041666666666668,49.58602086430635,45.46673688621261,2,7,6,False,25.41903899223445,-8.170030418016962,141.15659724326042,76.96874224741192,52.22222222222223,4.70521990810868,40.0,44.8937309887394
482,20.083333333333332,23.99551367150053,46.52961600510559,1,6,2,False,86.00153665699553,11.141856006346643,19.53123295167461,22.077165919961427,4.920634920634921,0.6510410983891537,50.0,56.96366000396665
483,20.125,25.577373083686602,45.874179900700476,1,5,2,False,85.87258120728194,11.141750855253894,19.370769611336073,22.194007717240304,11.11111111111111,0.6456923203778691,50.0,56.963594284533684
484,20.166666666666668,26.049025926679906,44.82531757818663,1,5,2,False,85.74362698008595,11.141645229733559,19.391290010880766,22.31084840684089,12.857142857142856,0.6463763336960255,50.0,56.963528268583474
485,20.208333333333332,50.672181498603486,43.77606629062367,2,8,6,False,25.80030168422435,-8.273840667570402,158.83983149231108,76.6232941235333,56.666666666666664,5.294661049743703,40.0,44.828849582768505
486,20.25,51.28168322361577,43.99533682259391,2,8,6,False,25.896355816592763,-8.299077036630786,159.45109874373156,76.5362630016465,59.20634920634921,5.315036624791052,40.0,44.81307685210575
487,20.291666666666668,49.378843438795975,44.20223180418716,2,8,6,False,25.99269879840059,-8.324033628196174,173.4775370258867,76.44897016389027,51.42857142857142,5.782584567529557,40.0,44.79747898237739
488,20.333333333333332,49.8670841023865,44.40474135245347,2,7,6,False,26.089327429647984,-8.348713739774906,181.60342585139915,76.36141850966689,53.333333333333336,6.053447528379972,40.0,44.782053912640684
489,20.375,49.95093083483777,46.50165041077503,2,7,6,False,26.18623854814967,-8.373120638545766,180.28933421711645,76.27361090411635,53.80952380952381,6.009644473903881,40.0,44.76679960090889
490,20.416666666666668,49.72132891072875,48.45415718587811,2,7,6,False,26.28342902918161,-8.39725756115969,179.78769991766444,76.18555017843633,53.01587301587302,5.992923330588814,40.0,44.75171402427519
491,20.458333333333332,52.2588144464377,50.3101972723995,2,6,6,False,26.380895785125702,-8.4211277135694,448.58659086661646,76.09723913020423,51.90476190476191,14.95288636222055,50.0,44.736795179019126
492,20.5,52.08798164866653,50.13398233119784,2,6,6,False,26.478635765112774,-8.444734270882998,451.92220239826565,76.00868052370056,51.269841269841265,15.064073413275523,50.0,44.72204108069812
493,20.541666666666668,52.01613544350212,49.912924288085925,2,4,6,False,26.57664595466413,-8.468080377237186,443.3189068675347,75.91987709023374,51.269841269841265,14.777296895584488,50.0,44.70744976422676
494,20.583333333333332,49.15842237135923,49.84328889299365,2,6,6,False,26.674923375331954,-8.491169145699962,201.3614643632227,75.83083152846596,50.79365079365079,6.712048812107422,40.0,44.69301928393753
495,20.625,49.00745438492355,49.72145263119765,2,7,6,False,26.773465084338753,-8.514003658187438,208.6991473548244,75.74154650473987,50.15873015873016,6.956638245160813,40.0,44.67874771363285
496,20.666666666666668,48.32150696493668,49.60853818612251,2,7,6,False,26.872268174216174,-8.536586965409198,220.1615543050484,75.65202465340576,47.3015873015873,7.338718476834948,40.0,44.664633146619245
497,20.708333333333332,48.55760220418353,49.46106355516625,2,7,6,False,26.971329772443298,-8.558922086823486,225.56570263727394,75.56226857714933,48.25396825396825,7.518856754575798,40.0,44.65067369573532
498,20.75,48.628986706272826,49.12506864205585,2,7,6,False,27.070647041084754,-8.581012010621862,237.71954497962815,75.47228084731961,48.41269841269841,7.923984832654271,40.0,44.636867493361336
499,20.791666666666668,48.543218697688566,48.81704615153063,2,6,6,False,27.17021717642877,-8.602859693723053,242.26161377770404,75.38206400425686,48.095238095238095,8.075387125923468,40.0,44.6232126914231
500,20.833333333333332,48.405048960834556,48.525450220175514,2,6,6,False,27.270037408625402,-8.624468061788923,244.2689539158473,75.29162055762042,47.61904761904761,8.142298463861577,40.0,44.60970746138192
501,20.875,48.595957493936126,48.45073288623041,2,6,6,False,27.370105001325125,-8.645840009256085,256.5454070593985,75.20095298671609,48.25396825396825,8.551513568646616,40.0,44.59634999421495
502,20.916666666666668,47.951633339253554,48.37602704607599,2,6,6,False,27.470417251317933,-8.66697839937857,252.57789473887533,75.11006374082318,45.87301587301587,8.419263157962511,40.0,44.5831385003884
503,20.958333333333332,48.226875489112956,48.34971730106793,2,7,6,False,27.570971488173193,-8.687886064294435,257.92929795051214,75.01895523952085,46.98412698412698,8.597643265017071,40.0,44.57007120981598
504,21.0,48.39171176236394,47.581591917606055,2,7,6,False,27.671765073880305,-8.708565805094521,265.0177879851153,74.92762987301359,47.61904761904761,8.833926266170511,40.0,44.557146371815925
505,21.041666666666668,48.51698426724061,46.813846228781046,2,7,6,False,27.77279540249045,-8.729020391916379,272.1386808872926,74.83609000245595,48.095238095238095,9.071289362909752,40.0,44.54436225505226
506,21.083333333333332,48.26181436401807,46.21570725278741,2,7,6,False,27.87405989975943,-8.749252564040047,266.6717156834384,74.74433796027604,47.3015873015873,8.889057189447946,40.0,44.53171714747497
507,21.125,48.1109843030705,46.91412226379412,2,7,6,False,27.97555602279191,-8.769265030006215,274.1446835635064,74.65237605049796,46.666666666666664,9.138156118783547,40.0,44.51920935624612
508,21.166666666666668,48.0057900248399,47.71635199578491,2,7,6,False,28.07728125968699,-8.789060467735032,274.88017833392246,74.56020654906285,46.34920634920635,9.162672611130748,40.0,44.506837207665605
509,21.208333333333332,39.340097602641066,48.57025996056334,2,5,6,False,28.179233129185437,-8.808641524665758,222.25450400963746,74.46783170414861,12.857142857142856,7.408483466987915,40.0,44.4945990470839
510,21.25,39.41603844037273,47.882810578715294,2,5,6,False,28.28140918031849,-8.828010817895814,227.48750799065556,74.37525373648799,13.174603174603176,7.582916933021852,40.0,44.48249323881511
511,21.291666666666668,41.36555098576487,47.18285399672367,2,6,6,False,28.383806992058584,-8.847170934344092,236.01441575906892,74.28247483968518,14.920634920634921,7.8671471919689635,50.0,44.47051816603494
512,21.333333333333332,56.786029092915065,46.4704682501284,2,3,5,False,28.48642417297184,-8.866124430905348,40.32978908462155,74.1894971805306,80.63492063492063,1.3443263028207184,50.0,44.45867223068416
513,21.375,58.222714277825695,45.6223853904639,2,4,5,False,28.589258360872616,-8.884873834627001,41.54534219603738,74.09632289931389,80.47619047619048,1.3848447398679127,60.0,44.446953853358124
514,21.416666666666668,58.198528916594796,44.78140241426422,2,4,5,False,28.692307222480117,-8.9034216428881,42.65816870548133,74.00295411013511,80.47619047619048,1.4219389568493777,60.0,44.43536147319493
515,21.458333333333332,39.977482906936295,43.94312085692696,2,6,5,False,28.79556845307719,-8.921770323587168,29.8035024689907,73.90939290121383,13.968253968253968,0.99345008229969,50.0,44.42389354775802
516,21.5,39.992232778464356,45.49755511289635,2,6,5,False,28.899039776171353,-8.939922315335593,30.78241264443068,73.81564133519629,14.126984126984127,1.0260804214810226,50.0,44.412548552915254
517,21.541666666666668,39.96835530809753,47.168358288829985,2,6,5,False,29.002718943158126,-8.957880027657144,31.98001882124572,73.72170144946043,14.126984126984127,1.0660006273748575,50.0,44.401324982714286
518,21.583333333333332,38.08482004804395,48.82933576333608,2,5,5,False,29.106603732986816,-8.975645841198844,32.68221882551234,73.6275752564187,12.698412698412698,1.0894072941837445,40.0,44.39022134925072
519,21.625,38.019188588674346,48.869025614723505,2,5,5,False,29.210691951828707,-8.993222107939403,33.48062064548003,73.53326474381876,12.53968253968254,1.1160206881826678,40.0,44.37923618253787
520,21.666666666666668,37.94641133679282,48.78955355923933,2,5,5,False,29.31498143274781,-9.010611151410524,32.85729489738878,73.43877187504174,12.380952380952381,1.095243163246293,40.0,44.36836803036842
521,21.708333333333332,57.99330867427381,48.70961364864064,2,4,4,False,29.419470035374143,-9.02781526691515,27.604816062987084,73.34409858939824,80.7936507936508,0.9201605354329028,60.0,44.35761545817803
522,21.75,59.465676551576294,48.64314788969858,2,5,4,False,29.52415564557968,-9.044836721758292,28.088651020363613,73.24924680242206,80.7936507936508,0.9362883673454537,70.0,44.34697704890107
523,21.791666666666668,61.297280679837975,48.5898256114861,2,5,3,False,29.629036175156998,-9.061677755480321,21.06187046555715,73.15421840616125,82.38095238095238,0.702062348851905,80.0,44.3364514028248
524,21.833333333333332,57.26230730956417,48.54906186696718,2,9,8,False,29.734109561500564,-9.078340580084102,97.8695903515545,73.05901526946693,76.82539682539684,3.2623196783851505,60.0,44.326037137447436
525,21.875,57.26904961201566,48.465481680790866,2,9,8,False,29.839373767290862,-9.0948273802818,97.31323228029623,72.9636392382795,76.98412698412699,3.243774409343208,60.0,44.315732887323875
526,21.916666666666668,57.23924998941056,48.38582111711697,2,9,8,False,29.94482678018129,-9.111140313733063,97.3920014035184,72.86809213591232,76.98412698412699,3.246400046783947,60.0,44.305537303916836
527,21.958333333333332,39.1798937996315,48.30911127359435,2,5,6,False,30.050466612487885,-9.127281511289675,869.3441710344418,72.77237576333282,1.4285714285714286,28.978139034481394,40.0,44.295449055443946
528,22.0,39.352365439914536,46.55362628465509,2,5,6,False,30.1562913008819,-9.143253077242958,901.9544898496679,72.6764918994411,1.5873015873015872,30.065149661655592,40.0,44.28546682672315
529,22.041666666666668,39.47919037387051,44.691482209364885,2,5,6,False,30.26229890608529,-9.159057089573015,933.3787777577709,72.58044230134576,1.5873015873015872,31.11262592525903,40.0,44.275589319016866
530,22.083333333333332,37.08185781392817,42.82663092899667,2,4,4,False,30.368487512569118,-9.174695600202586,167.9148115826265,72.48422870463723,1.4285714285714286,5.59716038608755,50.0,44.265815249873384
531,22.125,37.06326182458766,42.94045249543573,2,4,4,False,30.474855228254846,-9.19017063524691,170.26832348033713,72.38785282365839,1.4285714285714286,5.6756107826779045,50.0,44.25614335297068
532,22.166666666666668,37.025893214521304,42.90962533209702,2,4,4,False,30.58140018421862,-9.205484195270026,168.87391903065145,72.29131635177252,1.4285714285714286,5.6291306343550485,50.0,44.24657237795623
533,22.208333333333332,36.927488807002824,43.01739362681531,2,4,4,False,30.688120534398507,-9.220638255542315,155.27889956570107,72.19462096162852,1.4285714285714286,5.175963318856702,50.0,44.23710109028606
534,22.25,37.11994764809371,44.28113192403867,2,4,5,False,30.795014455304702,-9.235634766295266,207.79951966930093,72.09776830542356,1.2698412698412698,6.926650655643364,50.0,44.22772827106546
535,22.291666666666668,38.91906531541944,45.51593001098191,2,5,6,False,30.90208014573274,-9.250475652982391,873.7218171754721,72.00076001516285,1.2698412698412698,29.124060572515738,40.0,44.218452716886006
536,22.333333333333332,58.628166106832985,46.72983024831237,2,10,8,False,31.009315826479686,-9.265162816536145,96.25027311275016,71.90359770291684,77.77777777777779,3.208342437091672,70.0,44.20927323966491
537,22.375,56.899123651951044,47.94767930687451,2,9,8,False,31.11671974006333,-9.279698133626994,96.23574352482865,71.80628296107561,76.98412698412699,3.207858117494288,60.0,44.20018866648313
538,22.416666666666668,58.532469526030084,49.17795180082336,2,10,8,False,31.224290150444414,-9.294083456925557,97.27654731495568,71.70881736260057,77.61904761904762,3.242551577165189,70.0,44.19119783942153
539,22.458333333333332,54.344753366311664,50.42711644831499,2,5,5,False,31.332025342751834,-9.30832061536106,65.85715617156393,71.61120246127346,67.61904761904762,2.195238539052131,60.0,44.18229961539934
540,22.5,54.169942483233505,50.587155294519555,2,5,4,False,31.439923623010852,-9.322411414379179,60.83446600689854,71.51343979194257,67.14285714285714,2.0278155335632846,60.0,44.173492866013014
541,22.541666666666668,54.04599322183608,50.71304427258079,2,4,5,False,31.547983317874348,-9.336357636206015,65.99016446676706,71.41553087076632,66.66666666666666,2.199672148892235,60.0,44.164776477371234
542,22.583333333333332,51.6960465166739,50.702275379370775,2,5,5,False,31.656202774357038,-9.35016104010441,371.9841276174409,71.31747719545392,51.269841269841265,12.399470920581363,60.0,44.15614934993474
543,22.625,51.82653175197376,49.86793760151756,2,5,5,False,31.764580359572705,-9.363823362633628,364.5466205393127,71.21928024550361,52.06349206349207,12.15155401797709,60.0,44.14761039835399
544,22.666666666666668,52.015868984420976,48.268510166743766,2,5,5,False,31.87311446047442,-9.37734631790811,353.0123926685328,71.12094148243801,53.17460317460318,11.76707975561776,60.0,44.13915855130743
545,22.708333333333332,38.84795496145751,47.36111151967862,2,4,5,False,31.981803483597744,-9.390731597855325,279.5575639871822,71.0224623500367,8.095238095238095,9.318585466239407,50.0,44.13079275134042
546,22.75,38.63061538482842,47.21390614191251,2,4,5,False,32.09064585480691,-9.403980872471767,281.937696771186,70.9238442745663,7.301587301587302,9.397923225706199,50.0,44.122511954705146
547,22.791666666666668,38.78983859689939,47.07921803726783,2,4,5,False,32.19964001904395,-9.41709579008018,280.27104078151297,70.82508866500774,8.095238095238095,9.342368026050432,50.0,44.11431513119989
548,22.833333333333332,48.61611277259448,46.944100608620055,2,5,4,False,32.30878444008079,-9.430077977583414,134.24247957951252,70.72619691328083,44.44444444444444,4.474749319317084,60.0,44.106201264010366
549,22.875,37.70599443466545,47.05483281233992,2,4,4,False,32.41807760027431,-9.44292904071981,139.35374150876623,70.6271703944663,6.825396825396825,4.6451247169588745,50.0,44.09816934955012
550,22.916666666666668,47.6436857612483,47.15870236877689,2,5,5,False,32.52751800032423,-9.455650564313055,244.1912421502966,70.52801046702506,44.60317460317461,8.139708071676553,50.0,44.09021839730434
551,22.958333333333332,52.57828883311838,47.245222056101255,2,12,8,True,32.63710415903403,-9.468244112526964,1034.1309020193303,70.42871847301488,36.666666666666664,34.47103006731101,70.0,44.08234742967065
552,23.0,52.55368522749728,48.33724008838096,2,12,8,True,32.746834613074675,-9.480711229111648,1019.5362875406827,70.32929573830447,36.98412698412699,33.98454291802276,70.0,44.07455548180522
553,23.041666666666668,52.42458407806276,49.44246300510971,2,12,8,True,32.856707916751255,-9.493053437656455,1015.7936198681846,70.22974357278488,36.666666666666664,33.85978732893948,70.0,44.06684160146471
554,23.083333333333332,53.02483296131223,50.40836556607244,2,12,8,True,32.96672264177247,-9.505272241833064,800.7834759589368,70.13006327057842,43.492063492063494,26.69278253196456,70.0,44.059204848854336
555,23.125,53.072966429217566,50.65129351506076,2,12,8,True,33.07687737702294,-9.517369125640448,800.7523998583856,70.03025611024492,43.80952380952381,26.691746661946187,70.0,44.05164429647472
556,23.166666666666668,53.054105232313375,51.80037959133693,2,12,8,True,33.18717072833838,-9.529345553654116,795.2641758818663,69.93032335498542,43.96825396825397,26.508805862728877,70.0,44.04415902896618
557,23.208333333333332,51.9521713488139,52.12984122447083,2,12,8,True,33.29760131828354,-9.541202971261852,835.0714058588901,69.83026625284342,38.88888888888889,27.835713528629668,70.0,44.03674814296134
558,23.25,51.89329038557332,52.21689392771818,2,12,8,True,33.40816778593291,-9.552942804905593,837.4626559844946,69.73008603690356,38.730158730158735,27.91542186614982,70.0,44.029410746934
559,23.291666666666668,50.38066932845226,52.31948398249901,2,11,8,False,33.518868786654224,-9.564566462321478,833.2380068852699,69.62978392548774,38.88888888888889,27.774600229508994,60.0,44.02214596104908
560,23.333333333333332,51.53124816045432,52.44117547554979,2,12,8,True,33.629702991894675,-9.576075332774963,807.6901708902542,69.52936112234889,44.12698412698413,26.923005696341807,60.0,44.01495291701565
561,23.375,51.49502734997937,52.479030383751876,2,10,8,False,33.74066908896986,-9.587470787295956,806.6922118967395,69.42881881686212,44.12698412698413,26.889740396557986,60.0,44.00783075794003
562,23.416666666666668,51.59722535885522,52.526552508371424,2,12,8,True,33.85176578085541,-9.598754178911486,801.6369834775824,69.32815818421358,44.761904761904766,26.72123278258608,60.0,44.000778638180314
563,23.458333333333332,53.62292127208659,52.68211743461646,2,8,6,False,33.962991785981245,-9.609926842872232,497.1593056177069,69.22738038558688,65.07936507936508,16.571976853923562,50.0,43.99379572320486
564,23.5,53.78476588486724,52.61353267963562,2,8,7,False,34.07434583802857,-9.620990096888887,1351.6623090940584,69.12648656834696,54.761904761904766,45.05541030313528,40.0,43.986881189444446
565,23.541666666666668,53.88488199467219,52.541884188480935,2,8,7,False,34.18582668572943,-9.631945241354378,1346.2054303952577,69.02547786622175,55.3968253968254,44.87351434650859,40.0,43.98003422415352
566,23.583333333333332,53.4790918597372,52.59787681582904,2,8,7,False,34.29743309266885,-9.642793559565508,1326.8737129346916,68.92435539948147,54.285714285714285,44.22912376448972,40.0,43.97325402527156
567,23.625,53.64323192465212,52.87305717943699,2,8,7,False,34.409163837089544,-9.653536317948237,1350.1042442262915,68.82312027511553,54.6031746031746,45.00347480754305,40.0,43.96653980128235
568,23.666666666666668,54.92088434725367,53.141403524473425,2,8,6,False,34.52101771169928,-9.664174766281167,1296.0419850663352,68.72177358700708,54.920634920634924,43.201399502211174,50.0,43.95989077107427
569,23.708333333333332,51.12915428904394,53.40974338958129,2,11,7,False,34.632993523480614,-9.674710137907324,713.8222117377481,68.62031641610542,39.523809523809526,23.794073724591605,70.0,43.95330616380792
570,23.75,51.033508491717186,54.22672109039839,2,11,7,False,34.7450900935032,-9.685143649951488,716.8556916268044,68.51874983059604,39.20634920634921,23.89518972089348,70.0,43.94678521878032
571,23.791666666666668,51.052580856629355,55.033147148619726,2,11,7,False,34.8573062567386,-9.695476503538748,719.0278943491503,68.4170748860684,39.36507936507937,23.96759647830501,70.0,43.94032718528828
572,23.833333333333332,54.83341252374975,55.85931655975113,2,8,6,False,34.969640861877494,-9.705709884000157,1287.8422456292938,68.31529262568164,55.23809523809524,42.92807485430979,50.0,43.9339313224999
573,23.875,54.71518349041665,56.72300661867715,2,8,6,False,35.08209277114929,-9.715844961083304,1286.372800252223,68.21340408032788,54.920634920634924,42.87909334174076,50.0,43.927596899322936
574,23.916666666666668,54.81730374014963,57.57241106448679,2,8,7,False,35.19466086014423,-9.72588288916288,1336.914213851898,68.1114102687935,54.44444444444444,44.5638071283966,50.0,43.92132319427321
575,23.958333333333332,63.426653681891715,58.316088255858546,2,8,6,False,35.30734401763776,-9.735824807440826,846.0488783729197,68.00931219791829,86.82539682539682,28.20162927909732,70.0,43.91510949534948
576,24.0,63.4618785835233,59.37864934105533,2,8,6,False,35.4201411454173,-9.745671840151976,851.4740627360206,67.90711086275233,86.98412698412699,28.382468757867358,70.0,43.908955099905015
577,24.041666666666668,63.79891492824897,60.453339885846894,2,8,6,False,35.53305115811131,-9.755425096762975,853.7738507765262,67.8048072467109,88.4126984126984,28.45912835921754,70.0,43.90285931452314
578,24.083333333333332,63.84337256684949,61.53551274592425,2,8,6,False,35.646072983020694,-9.765085672170562,861.0543018480321,67.70240232172726,88.57142857142857,28.70181006160107,70.0,43.896821454893406
579,24.125,63.83608527436787,61.19561823996898,2,8,6,False,35.759205559952385,-9.774654646898034,857.990070090771,67.5998970484034,88.73015873015872,28.599669003025703,70.0,43.890840845688736
580,24.166666666666668,63.845010643714716,60.98645030298951,2,8,6,False,35.87244784105527,-9.784133087289229,858.1726371156437,67.4972923761588,88.88888888888889,28.60575457052146,70.0,43.88491682044423
581,24.208333333333332,63.87988731140526,60.76959960045081,2,8,6,False,35.985798790658265,-9.793522045698841,855.6131857178298,67.39458924337691,89.20634920634922,28.52043952392766,70.0,43.87904872143823
582,24.25,63.92979502921597,59.44738656263161,2,8,5,False,36.099257385110604,-9.802822560682126,856.064138012498,67.29178857755015,89.52380952380953,28.535471267083267,70.0,43.87323589957367
583,24.291666666666668,64.03865517755773,58.23939290719236,2,8,5,False,36.21282261262429,-9.812035657182127,852.4367184218563,67.18889129542245,90.15873015873017,28.41455728072854,70.0,43.86747771426117
584,24.333333333333332,50.75467845228655,57.00320508505782,2,12,8,True,36.326493473118674,-9.821162346715097,773.4206497624709,67.08589830313016,38.730158730158735,25.780688325415696,70.0,43.86177353330306
585,24.375,52.205168246662915,56.02147797588513,2,13,8,True,36.44026897806715,-9.830203627548508,769.8734010607259,66.98281049634093,38.730158730158735,25.662446702024194,80.0,43.856122732782175
586,24.416666666666668,52.21509530968513,55.03717620610496,2,13,8,True,36.55414815034599,-9.839160484891385,770.2811509608537,66.8796287603907,38.88888888888889,25.676038365361787,80.0,43.85052469694289
587,24.458333333333332,47.560097228061395,53.900795447622244,2,11,8,False,36.66813002408512,-9.848033891061277,699.6126523683552,66.77635397041887,33.80952380952381,23.32042174561184,60.0,43.8449788180867
588,24.5,48.96595471825232,52.63344589227199,2,12,8,True,36.782213644521065,-9.85682480566536,703.0240146634233,66.67298699150155,33.49206349206349,23.43413382211411,70.0,43.83948449645915
589,24.541666666666668,48.96466106263447,51.29958337858077,2,12,8,True,36.896398067851834,-9.865534175778476,701.1995750560718,66.56952867878309,33.65079365079365,23.373319168535726,70.0,43.83404114013845
590,24.583333333333332,52.062647256777154,49.98049058202424,2,13,8,True,37.010682361093785,-9.874162936104586,757.3302613700998,66.46597987760568,39.04761904761905,25.244342045669992,80.0,43.828648164934634
591,24.625,52.02446403700591,49.768694360517514,2,13,8,True,37.12506560194052,-9.882712009157876,756.0722197737032,66.36234142363729,39.04761904761905,25.202407325790105,80.0,43.82330499427633
592,24.666666666666668,50.20844154192215,49.441389680194085,2,13,7,True,37.23954687862361,-9.891182305418694,746.8692232692574,66.2586141429978,38.095238095238095,24.895640775641915,70.0,43.81801105911332
593,24.708333333333332,48.671692647202285,49.141137067957885,2,12,7,True,37.35412528977533,-9.899574723509113,684.0009576965831,66.15479885238341,33.33333333333333,22.800031923219436,70.0,43.812765797806804
594,24.75,47.9234448649212,49.623058665947205,2,12,6,True,37.46879994429326,-9.907890150348885,540.7414650852579,66.05089635918931,33.33333333333333,18.024715502841932,70.0,43.80756865603194
595,24.791666666666668,48.20954161887938,49.982856661872496,2,11,7,False,37.58356996120669,-9.916129461320565,604.3546368111292,65.94690746163067,33.33333333333333,20.145154560370976,70.0,43.80241908667465
596,24.833333333333332,48.21312379420584,49.94524280955435,2,11,7,False,37.69843446954494,-9.92429352042484,603.5321108142352,65.84283294886208,33.49206349206349,20.117737027141175,70.0,43.797316549734475
597,24.875,48.27751208278188,50.04755143301088,2,11,7,False,37.81339260820749,-9.932383180443821,606.937994647802,65.73867360109509,33.80952380952381,20.23126648826007,70.0,43.79226051222261
598,24.916666666666668,48.61206396285069,50.153969004805695,2,11,8,False,37.92844352583582,-9.940399283087777,704.0628010785058,65.63443018971438,33.33333333333333,23.468760035950194,70.0,43.78725044807014
599,24.958333333333332,53.34315640393323,50.40777172731084,2,11,7,False,38.043586380687124,-9.9483426591529,634.4676081133421,65.53010347739219,47.77777777777778,21.148920270444734,80.0,43.78228583802944
600,25.0,53.28353066935587,50.77981149993874,2,11,7,False,38.15882034050973,-9.956214128672945,628.9546068028303,65.42569421820122,47.77777777777778,20.965153560094343,80.0,43.77736616957941
601,25.041666666666668,48.51329483481675,51.203322267833194,2,11,8,False,38.274144582420185,-9.964014501063502,703.545382728069,65.32120315772592,33.33333333333333,23.4515127576023,70.0,43.77249093683531
602,25.083333333333332,53.290350738255384,51.60013816727627,2,11,7,False,38.38955829278216,-9.971744575274853,635.2170996217446,65.2166310331723,47.93650793650794,21.173903320724822,80.0,43.76765964045322
603,25.125,53.3014748985436,52.95176657825735,2,11,7,False,38.50506066708692,-9.979405139931329,635.9282069119581,65.11197857347618,48.095238095238095,21.19760689706527,80.0,43.76287178754292
604,25.166666666666668,53.254074211984,54.30169098977918,2,11,7,False,38.62065090983552,-9.986996973478654,632.8743409230228,65.00724649940994,48.095238095238095,21.09581136410076,80.0,43.75812689157584
605,25.208333333333332,53.13616991873702,55.617858171406084,2,11,7,False,38.736328234422565,-9.994520844320846,631.5962292682598,64.90243552368786,47.77777777777778,21.053207642275325,80.0,43.75342447229947
606,25.25,53.00557407965471,56.540603652211615,2,11,7,False,38.8520918630217,-10.001977510965094,627.7832401814767,64.7975463510698,47.460317460317455,20.926108006049223,80.0,43.74876405564682
607,25.291666666666668,52.97133241219625,56.99072884821583,2,12,7,True,38.96794102647253,-10.00936772215191,627.3714735058984,64.69257967846377,47.460317460317455,20.912382450196613,80.0,43.744145173655056
608,25.333333333333332,64.43266472597875,57.836989613338744,2,10,5,False,39.08387496416923,-10.016692216995102,451.47470494375466,64.58753619502677,90.95238095238095,15.049156831458488,90.0,43.73956736437806
609,25.375,64.47660502104388,58.29065575822236,2,10,5,False,39.19989292395067,-10.023951725116218,450.8330406267787,64.48241658226439,91.26984126984127,15.027768020892623,90.0,43.735030171802364
610,25.416666666666668,64.40607014237352,58.73875647490996,2,10,5,False,39.31599416199202,-10.03114696677285,443.17267976189487,64.37722151412896,91.26984126984127,14.772422658729829,90.0,43.73053314576697
611,25.458333333333332,64.41610217359964,59.17297971590846,2,10,5,False,39.432177942697926,-10.038278652990016,427.8194727349155,64.27195165711646,91.74603174603175,14.260649091163849,90.0,43.72607584188124
612,25.5,58.68503302140635,59.60469163461202,2,10,5,False,39.548443538597134,-10.045347485691536,603.9318379877031,64.16660767036184,71.42857142857143,20.131061266256772,80.0,43.72165782144279
613,25.541666666666668,58.66842401629176,60.040326699037784,2,10,6,False,39.664790230238545,-10.0523541578179,615.0029678813726,64.06119020573335,71.26984126984127,20.500098929379085,80.0,43.71727865136381
614,25.583333333333332,58.734344476858894,60.47122619752978,2,10,6,False,39.7812173060888,-10.059299353461938,634.646700281613,63.95569990792522,71.26984126984127,21.1548900093871,80.0,43.71293790408629
615,25.625,58.67868349879485,59.91419735628974,2,10,6,False,39.89772406243119,-10.066183747982405,653.7868604781402,63.85013741454932,70.7936507936508,21.792895349271337,80.0,43.708635157511
616,25.666666666666668,58.464753103965855,59.37268798822188,2,10,6,False,40.01430980326603,-10.073008008130433,657.1493195720923,63.7445033562254,70.0,21.904977319069744,80.0,43.70436999491848
617,25.708333333333332,58.316712943179816,58.807609452902106,2,10,6,False,40.13097384021241,-10.07977279216741,665.7564588349269,63.63879835667012,69.36507936507937,22.19188196116423,80.0,43.70014200489537
618,25.75,58.2331948527639,57.477891456208475,2,10,6,False,40.24771549241129,-10.086478749982849,663.461604830406,63.533023032784875,69.2063492063492,22.1153868276802,80.0,43.69595078126072
619,25.791666666666668,58.142126394100096,56.62659052111716,2,10,6,False,40.364534086429934,-10.093126523211026,667.5962770012429,63.42717799474232,68.88888888888889,22.253209233374765,80.0,43.69179592299311
620,25.833333333333332,57.74831863109837,55.79212528895857,2,10,6,False,40.48142895616771,-10.09971674534395,706.4242510972344,63.32126384607177,66.66666666666666,23.54747503657448,80.0,43.687677034160025
621,25.875,57.97849260422938,55.10420725953964,2,10,6,False,40.598399442763174,-10.10625004184799,679.57542540751,63.2152811837434,68.25396825396825,22.652514180250332,80.0,43.68359372384501
622,25.916666666666668,57.62512771853633,54.292596871008755,2,10,6,False,40.71544489450242,-10.112727030270708,678.878990423419,63.109230598251244,66.98412698412697,22.629299680780633,80.0,43.67954560608081
623,25.958333333333332,48.459486213276,53.5132571694215,2,12,8,True,40.832564666728715,-10.119148320351973,668.1111799067621,63.00311267369507,36.666666666666664,22.27037266355874,70.0,43.675532299780016
624,26.0,48.46942180031071,52.71185192953766,2,12,8,True,40.94975812175344,-10.125514514136308,668.6522366606896,62.89692798786114,36.82539682539683,22.288407888689655,70.0,43.67155342866481
625,26.041666666666668,48.65484123038869,51.92937371801523,2,12,8,True,41.06702462876816,-10.13182620607172,672.5469797510941,62.79067711230181,37.61904761904762,22.418232658369806,70.0,43.667608621205176
626,26.083333333333332,50.47932812383169,51.18561837518674,2,13,8,True,41.18436356375801,-10.138083983123284,662.9883008002962,62.684360612414025,45.23809523809524,22.09961002667654,70.0,43.66369751054795
627,26.125,48.939358836424155,50.47861449137822,2,13,8,True,41.30177430941625,-10.144288424871979,661.4936704954125,62.57797904751676,45.23809523809524,22.049789016513753,60.0,43.65981973445502
628,26.166666666666668,49.112676684918824,49.758937709315354,2,13,8,True,41.41925625505996,-10.150440103616598,662.9768090836333,62.47153297092738,46.03174603174603,22.099226969454442,60.0,43.65597493523962
629,26.208333333333332,48.699850064573724,48.913195281598725,2,12,8,True,41.53680879654697,-10.15653958447749,644.0593098770387,62.365022930036915,38.88888888888889,21.468643662567956,70.0,43.652162759701575
630,26.25,48.8434563144947,48.870938401884764,2,12,8,True,41.65443133619386,-10.16258742549112,631.6693170803446,62.25844946638437,39.84126984126984,21.055643902678153,70.0,43.64838285906805
631,26.291666666666668,49.217062280158345,48.683984375084655,2,12,8,True,41.7721232826952,-10.168584177715639,633.5360509914735,62.15181311572988,41.42857142857143,21.11786836638245,70.0,43.644634888927726
632,26.333333333333332,49.26427202539605,48.65005849125212,2,12,8,True,41.88988405104379,-10.17453038531869,625.6818900782237,62.04511440812696,41.904761904761905,20.856063002607456,70.0,43.64091850917582
633,26.375,49.34237121947514,49.152865778171446,2,12,8,True,42.00771306245211,-10.180426585678697,624.0083912492591,61.938353867993776,42.38095238095238,20.80027970830864,70.0,43.637233383950814
634,26.416666666666668,47.476218585936685,49.77098556491294,2,12,8,True,42.12560974427475,-10.186273309475723,604.9158494604399,61.831532014183274,41.42857142857143,20.163861648681326,60.0,43.63357918157767
635,26.458333333333332,47.95240365670851,50.3830259139273,2,12,8,True,42.243573529932,-10.192071080786627,619.3729437731427,61.72464936005252,43.17460317460318,20.645764792438086,60.0,43.62995557450836
636,26.5,46.22597347870929,50.8461679325841,2,11,8,False,42.361603858834435,-10.197820417170396,620.293824704323,61.61770641353102,42.38095238095238,20.676460823477434,50.0,43.62636223926851
637,26.541666666666668,48.247730624398265,51.628120203321934,2,12,8,True,42.47970017630859,-10.203521829766988,612.1247004612651,61.510703677188005,44.761904761904766,20.40415668204217,60.0,43.62279885639563
638,26.583333333333332,56.51301556686368,52.481798204547516,2,10,6,False,42.597861933523575,-10.209175823374677,663.7749151313237,61.403641648299015,64.92063492063492,22.125830504377458,80.0,43.61926511039083
639,26.625,56.356796277322054,52.58341503286695,2,10,6,False,42.71608858741882,-10.2147828965489,662.8729634178044,61.29652081891127,64.44444444444444,22.095765447260145,80.0,43.61576068965694
640,26.666666666666668,56.45716087309109,52.72871308369499,2,10,6,False,42.83437960063267,-10.220343541677153,633.9253376923807,61.18934167590844,65.55555555555556,21.130844589746022,80.0,43.61228528645178
641,26.708333333333332,54.257554288455395,53.02480768891971,2,9,6,False,42.952734441432135,-10.225858245073528,675.1448145471477,61.08210470107428,62.06349206349206,22.50482715157159,70.0,43.608838596829045
642,26.75,58.22688356334865,53.285915131716315,2,9,4,False,43.07115258364343,-10.231327487056069,135.86833792555808,60.974810371155506,82.85714285714286,4.528944597518603,80.0,43.60542032058996
643,26.791666666666668,59.4611982948653,53.68628704323556,2,9,5,False,43.18963350658358,-10.236751742029037,333.7185062479748,60.86745915792384,83.96825396825398,11.123950208265827,80.0,43.602030161231845
644,26.833333333333332,50.48367396522931,53.92494675378989,2,12,6,True,43.30817669499295,-10.242131478569467,590.7907141938585,60.760051528237135,49.047619047619044,19.69302380646195,70.0,43.59866782589409
645,26.875,51.085947829411644,53.29983226917137,2,13,7,True,43.42678163896864,-10.247467159499616,598.7457270483937,60.65258794409969,51.42857142857142,19.958190901613122,70.0,43.59533302531274
646,26.916666666666668,51.02935384863338,52.856412203471656,2,13,7,True,43.545447833898855,-10.252759241970443,593.9773023217494,60.545068862721685,51.42857142857142,19.79924341072498,70.0,43.59202547376847
647,26.958333333333332,51.085692970267736,52.25844844169034,2,12,7,True,43.66417478039817,-10.25800817754082,603.8614838226822,60.43749473657793,51.587301587301596,20.12871612742274,70.0,43.58874488903699
648,27.0,51.0304364169403,51.73542148265747,2,12,7,True,43.78296198424361,-10.26321441224627,599.3655134446544,60.329866013465725,51.587301587301596,19.978850448155146,70.0,43.58549099234608
649,27.041666666666668,51.11164715105017,50.69427016789385,2,13,7,True,43.90180895631173,-10.26837838668555,598.3559335920727,60.22218313656186,52.06349206349207,19.94519778640242,70.0,43.58226350832153
650,27.083333333333332,49.011641751441374,49.53231720136387,2,12,8,True,44.02071521251642,-10.27350053608509,572.2166767981162,60.11444654447897,50.317460317460316,19.07388922660387,60.0,43.57906216494681
651,27.125,51.03575548892566,49.27309061398136,2,13,7,True,44.13968027374763,-10.27858129037636,588.3639855893134,60.00665667132108,52.22222222222223,19.612132852977112,70.0,43.57588669351477
652,27.166666666666668,49.281595731715186,48.94337740856349,2,12,7,True,44.25870366581094,-10.28362107427015,607.5891570622553,59.898813946738336,50.95238095238095,20.252971902075174,60.0,43.57273682858116
653,27.208333333333332,47.98123078006098,48.630871517535944,2,11,7,False,44.37778491936791,-10.288620307322253,1066.7820240949895,59.79091879598107,42.698412698412696,35.55940080316632,50.0,43.56961230792359
654,27.25,45.733067786185224,48.308243978693675,2,10,7,False,44.49692356987726,-10.293579404007756,1034.8303488554811,59.68297163995309,40.476190476190474,34.49434496184937,40.0,43.56651287249515
655,27.291666666666668,45.51776269650544,47.993800431302965,2,10,7,False,44.61611915753687,-10.298498773790403,982.4684779112686,59.57497289526417,40.79365079365079,32.74894926370895,40.0,43.563438266381
656,27.333333333333332,47.372954916639245,47.78712963306848,2,12,8,True,44.73537122722655,-10.30337882118829,615.6369736412234,59.46692297428204,49.682539682539684,20.521232454707448,50.0,43.56038823675732
657,27.375,47.12938936439718,47.6050537003829,2,12,8,True,44.85467932845154,-10.308219945838937,613.1832153084642,59.35882228518346,48.888888888888886,20.439440510282143,50.0,43.557362533850664
658,27.416666666666668,47.2792831563027,47.249901921777855,2,12,8,True,44.97404301528691,-10.313022542576027,617.9950538230887,59.25067123200459,49.523809523809526,20.59983512743629,50.0,43.55436091088999
659,27.458333333333332,47.21416250416075,46.76912480056003,2,12,8,True,45.09346184632253,-10.317787001477905,603.6158101014171,59.14247021469098,49.682539682539684,20.12052700338057,50.0,43.5513831240763
660,27.5,47.25711384825164,46.485516360302796,2,12,8,True,45.21293538460896,-10.322513707947383,587.0437080525389,59.034219629146456,50.317460317460316,19.568123601751296,50.0,43.54842893253289
661,27.541666666666668,48.631597572236416,46.39786170762568,2,12,8,True,45.33246319760392,-10.327203042764541,576.4628715257086,58.92591986728169,50.15873015873016,19.21542905085695,60.0,43.54549809827216
662,27.583333333333332,46.826730559214425,46.32867604244157,2,11,8,False,45.452044857119596,-10.331855382154254,577.6331688536084,58.817571317061955,49.047619047619044,19.254438961786946,50.0,43.54259038615359
663,27.625,46.77393414566504,46.18165638788303,2,11,8,False,45.571679939270616,-10.336471097848198,581.600756019966,58.70917436255419,48.888888888888886,19.3866918673322,50.0,43.53970556384487
664,27.666666666666668,43.51227027710125,46.226095814678764,2,11,9,False,45.6913680244227,-10.341050557140102,640.622450645671,58.60072938397363,40.79365079365079,21.354081688189037,40.0,43.536843401787436
665,27.708333333333332,44.577929496974214,46.228341112802916,2,12,9,True,45.81110869714206,-10.345594122952662,622.2538059586532,58.492236757729565,45.55555555555556,20.741793531955103,40.0,43.53400367315459
666,27.75,44.681211954059854,46.2914451895354,2,12,9,True,45.93090154614539,-10.350102153887883,625.6976932218258,58.38369685647069,46.03174603174603,20.85658977406086,40.0,43.531186153820066
667,27.791666666666668,44.68753471429615,46.344632718544034,2,12,9,True,46.050746164250675,-10.354575004296453,633.5613196547056,58.27511004912969,46.03174603174603,21.118710655156853,40.0,43.52839062231472
668,27.833333333333332,45.60871906193672,46.220835796830436,2,12,9,True,46.17064214832847,-10.359013024321326,618.0501965988205,58.16647670096733,50.15873015873016,20.601673219960684,40.0,43.52561685979917
669,27.875,47.66266248594602,46.130635170605046,2,11,7,False,46.290589099253985,-10.363416559964639,648.140632033489,58.057797173615945,51.90476190476191,21.604687734449634,50.0,43.5228646500221
670,27.916666666666668,47.306226733792435,46.178840257642264,2,12,8,True,46.41058662185976,-10.367785953138673,559.6494048248842,57.94907182512223,52.38095238095239,18.654980160829474,50.0,43.52013377928833
671,27.958333333333332,47.97141142495061,46.469201497199585,2,12,8,True,46.53063432488895,-10.372121541722322,613.5795985361292,57.840301009989695,48.095238095238095,20.45265328453764,60.0,43.51742403642355
672,28.0,47.89536419635525,47.291419328017945,2,12,8,True,46.65073182094927,-10.376423659611442,604.9797733736486,57.731485079220214,48.095238095238095,20.165992445788287,60.0,43.51473521274284
673,28.041666666666668,47.14603451167318,48.106556852154704,2,12,7,True,46.77087872646754,-10.380692636778395,429.97948994497165,57.62262438035538,48.73015873015873,14.33264966483239,60.0,43.51206710201351
674,28.083333333333332,45.74432304450978,49.09630334539171,2,11,7,False,46.891074661644815,-10.384928799316867,432.44140812066325,57.51371925751706,49.2063492063492,14.414713604022108,50.0,43.50941950042696
675,28.125,47.35239519011176,50.48952405949456,2,12,7,True,47.01131925041216,-10.38913246949835,436.86208461161004,57.40477005144753,49.682539682539684,14.56206948705367,60.0,43.50679220656353
676,28.166666666666668,46.99660515178906,51.29800098839916,2,12,6,True,47.13161212038696,-10.393303965823089,356.4488537440575,57.295777099548964,50.0,11.88162845813525,60.0,43.50418502136056
677,28.208333333333332,54.44454346679457,52.162135102931394,2,12,8,True,46.49253186736651,55.2165338609671,589.0457365527764,57.87482424749189,49.84126984126984,19.634857885092547,60.0,84.51033366310445
678,28.25,54.46286224370081,52.5071987543654,2,12,8,True,45.86735290673778,54.015462198322304,597.1154996369041,58.44127594490398,49.523809523809526,19.903849987896805,60.0,83.75966387395144
679,28.291666666666668,56.564492633140375,53.09500310363822,2,11,8,False,45.03290860462721,72.09598770235316,593.3856243404043,59.1973352832589,50.317460317460316,19.77952081134681,60.0,95.05999231397072
680,28.333333333333332,62.32736763117097,53.74207383267066,2,10,7,False,41.019519990812455,346.7567762335948,1174.8154463865067,62.8337193202128,48.41269841269841,39.16051487955022,70.0,100.0
681,28.375,57.36438563280108,54.60583587351803,2,10,7,False,40.73347463669616,24.71431859564805,1179.4655377893941,63.09289451096629,48.888888888888886,39.315517926313134,70.0,65.44644912228004
682,28.416666666666668,57.67583610817931,55.332346223046414,2,11,7,False,40.46402193483482,23.280713440819774,1198.4317020892959,63.33703570885325,50.0,39.94772340297653,70.0,64.55044590051236
683,28.458333333333332,52.112175242158635,56.0980668540314,2,13,8,True,40.21149544309356,21.818288886444613,572.4075634662695,63.56584068934157,52.539682539682545,19.08025211554232,50.0,63.63643055402788
684,28.5,54.94901638762921,56.27552924211335,2,13,8,True,39.622988710086055,50.84698173184852,579.3673572600637,64.09906502804179,52.22222222222223,19.312245242002124,50.0,81.77936358240532
685,28.541666666666668,54.910883260062505,56.433367162637154,2,13,8,True,39.04848331365133,49.63726625196011,571.1271104224834,64.6196032698527,52.06349206349207,19.037570347416114,50.0,81.02329140747507
686,28.583333333333332,56.10946753467813,56.54016746000085,2,13,8,True,38.34570654092558,60.71991316350466,572.7752301736618,65.25636349513594,51.90476190476191,19.092507672455394,50.0,87.94994572719041
687,28.625,56.070519384452226,56.17789801727012,2,13,8,True,37.65880354878412,59.34841852102234,577.1679939462701,65.87874107077391,51.42857142857142,19.23893313154234,50.0,87.09276157563896
688,28.666666666666668,56.18525272360901,56.23216887474333,2,13,8,True,36.98865870649955,57.900514373386976,574.9582307844539,66.48593470224593,51.746031746031754,19.165274359481796,50.0,86.18782148336686
689,28.708333333333332,56.57409212377804,56.265819813013,2,13,8,True,36.336199232483715,56.37249855496814,582.4141697963169,67.07710427099978,53.01587301587302,19.41380565987723,50.0,85.23281159685509
690,28.75,56.35691728998634,55.933656694004746,2,13,8,True,35.7023947375586,54.760708361529986,574.4267902108331,67.65137124827729,52.22222222222223,19.14755967369444,50.0,84.22544272595624
691,28.791666666666668,57.846096201504864,55.38891600911331,2,13,8,True,35.088256139440865,53.06157487737219,578.670927456049,68.20781967865987,52.06349206349207,19.289030915201632,60.0,83.16348429835762
692,28.833333333333332,57.980134318401994,54.859798525979706,2,13,8,True,34.49483383630691,51.271686990773766,535.3496879041577,68.74549783493431,53.492063492063494,17.844989596805256,60.0,82.0448043692336
693,28.875,58.015635922479746,54.227876706043304,2,13,8,True,33.92321502243993,49.387865518106764,538.7597844745906,69.26342065028625,53.65079365079365,17.958659482486354,60.0,80.86741594881673
694,28.916666666666668,58.07964736741534,53.60258279430369,2,13,8,True,33.374520028006714,47.40724751903017,535.0599940703978,69.76057303469415,54.12698412698413,17.835333135679925,60.0,79.62952969939386
695,28.958333333333332,48.12621781405953,52.94831590603889,2,10,7,False,33.374520028006714,0.0,1160.2441013651783,69.76057303469415,31.587301587301585,38.67480337883927,40.0,50.0
696,29.0,48.41212816893193,52.28633572137295,2,10,7,False,33.374520028006714,0.0,1098.3785532920388,69.76057303469415,33.96825396825397,36.61261844306796,40.0,50.0
697,29.041666666666668,48.56147346245935,51.65240646745215,2,10,7,False,33.374520028006714,0.0,1128.2476119975227,69.76057303469415,33.96825396825397,37.608253733250756,40.0,50.0
698,29.083333333333332,48.5264056954413,50.93064043087833,2,10,7,False,33.374520028006714,0.0,1137.1070744669282,69.76057303469415,33.65079365079365,37.90356914889761,40.0,50.0
699,29.125,48.56699244357694,50.22252798418025,2,9,7,False,33.374520028006714,0.0,1176.9704558400895,69.76057303469415,33.01587301587301,39.23234852800298,40.0,50.0
700,29.166666666666668,48.33405006443137,49.49648119460031,2,9,7,False,33.374520028006714,0.0,1201.8105514395475,69.76057303469415,31.587301587301585,40.06035171465158,40.0,50.0
701,29.208333333333332,48.630329907786596,48.7783990055178,2,10,6,False,33.374520028006714,0.0,1237.2569963010678,69.76057303469415,32.06349206349206,41.24189987670226,40.0,50.0
702,29.25,48.749766242936865,48.89427692123943,2,10,6,False,33.374520028006714,0.0,1277.0172792041376,69.76057303469415,31.746031746031743,42.56724264013792,40.0,50.0
703,29.291666666666668,49.18490376261893,48.9945340634423,2,10,6,False,33.374520028006714,0.0,1292.6162117119784,69.76057303469415,33.17460317460317,43.087207057065946,40.0,50.0
704,29.333333333333332,49.4827849580252,49.08110419416156,2,10,6,False,33.374520028006714,0.0,1264.8908634916452,69.76057303469415,34.92063492063492,42.16302878305484,40.0,50.0
705,29.375,49.303074447520224,49.157135872969,2,10,6,False,33.374520028006714,0.0,1284.504316946206,69.76057303469415,33.80952380952381,42.816810564873535,40.0,50.0
706,29.416666666666668,49.46266109842539,49.22360649188234,2,10,6,False,33.374520028006714,0.0,1300.5486312542243,69.76057303469415,34.12698412698413,43.35162104180748,40.0,50.0
707,29.458333333333332,49.51675280271914,48.99185572317256,2,10,6,False,33.374520028006714,0.0,1351.049511795513,69.76057303469415,33.33333333333333,45.0349837265171,40.0,50.0
708,29.5,49.615213875366365,48.755260354437176,2,10,6,False,33.374520028006714,0.0,1354.8687104519418,69.76057303469415,33.65079365079365,45.16229034839806,40.0,50.0
709,29.541666666666668,49.60031503109044,48.52795751585585,2,10,6,False,33.374520028006714,0.0,1351.8889415967565,69.76057303469415,33.65079365079365,45.06296471989189,40.0,50.0
710,29.583333333333332,49.43878584113049,48.657422723241154,2,10,6,False,33.374520028006714,0.0,1351.3291353507993,69.76057303469415,33.01587301587301,45.04430451169331,40.0,50.0
711,29.625,49.36463987053704,48.765152675211915,2,10,6,False,33.374520028006714,0.0,1360.3094650416324,69.76057303469415,32.53968253968254,45.34364883472108,40.0,50.0
712,29.666666666666668,45.55304083991409,48.87330998525863,2,10,5,False,33.374520028006714,0.0,685.2912462186305,69.76057303469415,30.793650793650794,22.843041540621016,40.0,50.0
713,29.708333333333332,45.79118548296196,48.61494623881709,2,10,5,False,33.374520028006714,0.0,709.1106510186801,69.76057303469415,31.26984126984127,23.637021700622668,40.0,50.0
714,29.75,46.02213217996103,48.69137816035835,2,10,5,False,33.374520028006714,0.0,715.6174507359538,69.76057303469415,32.06349206349206,23.85391502453179,40.0,50.0
715,29.791666666666668,50.738486251242506,48.748524021088684,2,10,4,False,33.374520028006714,0.0,49.3644554684397,69.76057303469415,58.25396825396826,1.64548184894799,50.0,50.0
716,29.833333333333332,50.77554438167427,48.834663068193144,2,10,4,False,33.374520028006714,0.0,48.8395736182847,69.76057303469415,58.41269841269842,1.6279857872761565,50.0,50.0
717,29.875,50.600962168080876,49.367924682533726,2,9,4,False,33.374520028006714,0.0,45.6691626456377,69.76057303469415,57.77777777777777,1.5223054215212566,50.0,50.0
718,29.916666666666668,46.36229614112686,49.90821704624997,2,9,5,False,33.374520028006714,0.0,680.4756397945184,69.76057303469415,34.12698412698413,22.682521326483947,40.0,50.0
719,29.958333333333332,50.43393586121437,50.774402583899395,2,9,3,False,33.374520028006714,0.0,28.136917145353436,69.76057303469415,57.460317460317455,0.9378972381784478,50.0,50.0
720,30.0,50.300964204130295,51.59692147922528,2,8,3,False,33.374520028006714,0.0,33.28861747456904,69.76057303469415,56.82539682539682,1.1096205824856347,50.0,50.0
721,30.041666666666668,50.63398359634391,52.4079751909787,2,9,4,False,33.374520028006714,0.0,84.01948004427686,69.76057303469415,57.14285714285714,2.8006493348092287,50.0,50.0
722,30.083333333333332,55.8379252132175,52.8404330569987,2,14,7,True,33.374520028006714,0.0,413.6966923078835,69.76057303469415,59.36507936507937,13.789889743596117,70.0,50.0
723,30.125,55.848148235132065,53.387494991033485,2,13,7,True,33.374520028006714,0.0,415.74129669079593,69.76057303469415,59.36507936507937,13.858043223026531,70.0,50.0
724,30.166666666666668,55.94726729170712,53.82621662371651,2,13,7,True,33.374520028006714,0.0,419.692092132791,69.76057303469415,59.682539682539684,13.989736404426367,70.0,50.0
725,30.208333333333332,55.661412226872606,54.605843305293696,2,12,7,True,33.374520028006714,0.0,426.0131426579519,69.76057303469415,58.41269841269842,14.200438088598396,70.0,50.0
726,30.25,55.75477672100199,55.230526983711144,2,13,7,True,33.374520028006714,0.0,428.8130256108125,69.76057303469415,58.730158730158735,14.293767520360415,70.0,50.0
727,30.291666666666668,55.92798064348249,55.87961833601137,2,14,7,True,33.374520028006714,0.0,431.707778360882,69.76057303469415,59.36507936507937,14.390259278696066,70.0,50.0
728,30.333333333333332,57.34028759009167,56.507246290691846,2,14,7,True,33.374520028006714,0.0,430.0421835557336,69.76057303469415,59.04761904761905,14.334739451857786,80.0,50.0
729,30.375,55.865621760277314,56.60461069879747,2,14,7,True,33.374520028006714,0.0,435.1090175928621,69.76057303469415,59.04761904761905,14.503633919762068,70.0,50.0
730,30.416666666666668,55.717816320053124,56.71203087235435,2,14,7,True,33.374520028006714,0.0,437.2939612940554,69.76057303469415,58.41269841269842,14.576465376468514,70.0,50.0
731,30.458333333333332,57.93014000222357,56.84685621598234,2,13,6,True,33.374520028006714,0.0,365.47298344243063,69.76057303469415,62.698412698412696,12.182432781414354,80.0,50.0
732,30.5,58.09006043173302,56.943983292486024,2,13,6,True,33.374520028006714,0.0,365.7110375982902,69.76057303469415,63.33333333333333,12.190367919943007,80.0,50.0
733,30.541666666666668,58.16551905250965,57.17832368274298,2,13,6,True,33.374520028006714,0.0,364.9297458805995,69.76057303469415,63.650793650793645,12.16432486268665,80.0,50.0
734,30.583333333333332,57.0062981104851,57.445286168049535,2,13,7,True,33.374520028006714,0.0,377.53000192013315,69.76057303469415,64.76190476190476,12.58433339733777,70.0,50.0
735,30.625,57.13719031781452,57.39271839562297,2,13,7,True,33.374520028006714,0.0,379.8989195764934,69.76057303469415,65.23809523809524,12.663297319216449,70.0,50.0
736,30.666666666666668,57.565171415243086,57.55340152087796,2,13,7,True,33.374520028006714,0.0,378.1935517606198,69.76057303469415,66.98412698412697,12.606451725353992,70.0,50.0
737,30.708333333333332,56.82693714491676,57.71966305805796,2,13,7,True,33.374520028006714,0.0,373.40384055249706,69.76057303469415,64.12698412698413,12.446794685083235,70.0,50.0
738,30.75,58.566861404085394,57.7654237421811,2,14,7,True,33.374520028006714,0.0,373.76964476717694,69.76057303469415,65.07936507936508,12.458988158905898,80.0,50.0
739,30.791666666666668,59.13153046716115,57.79065336708058,2,14,7,True,33.374520028006714,0.0,375.59234627121623,69.76057303469415,67.3015873015873,12.51974487570721,80.0,50.0
740,30.833333333333332,56.709474320972845,57.809044550852086,2,14,7,True,33.374520028006714,0.0,405.46683131927057,69.76057303469415,63.01587301587301,13.515561043975685,70.0,50.0
741,30.875,57.79381926333723,57.75318242968212,2,14,7,True,33.374520028006714,0.0,409.6374070937327,69.76057303469415,61.26984126984127,13.654580236457756,80.0,50.0
742,30.916666666666668,57.712954766213315,57.6811872499863,2,14,7,True,33.374520028006714,0.0,409.3375235419662,69.76057303469415,60.952380952380956,13.644584118065541,80.0,50.0
743,30.958333333333332,58.47926821170112,57.5823278203718,2,14,7,True,33.374520028006714,0.0,395.9335459728609,69.76057303469415,64.28571428571429,13.19778486576203,80.0,50.0
744,31.0,58.392815930526844,57.562623455128865,2,14,7,True,33.374520028006714,0.0,394.5161056110228,69.76057303469415,63.96825396825396,13.150536853700759,80.0,50.0
745,31.041666666666668,58.386213257767565,57.47132909613281,2,14,7,True,33.374520028006714,0.0,393.19557105916647,69.76057303469415,63.96825396825396,13.10651903530555,80.0,50.0
746,31.083333333333332,56.33595265644556,57.30530895902998,2,12,7,True,33.374520028006714,0.0,718.0640857154012,69.76057303469415,61.26984126984127,23.93546952384671,60.0,50.0
747,31.125,56.27324816146479,57.371512807703,2,12,7,True,33.374520028006714,0.0,721.3962025922629,69.76057303469415,60.952380952380956,24.04654008640876,60.0,50.0
748,31.166666666666668,56.37885825986901,57.31872450074872,2,12,7,True,33.374520028006714,0.0,726.64520640009,69.76057303469415,61.26984126984127,24.221506880003002,60.0,50.0
749,31.208333333333332,56.5904847620016,57.26240589139663,2,12,7,True,33.374520028006714,0.0,737.2244750805771,69.76057303469415,61.904761904761905,24.574149169352573,60.0,50.0
